Workbook

Sheet Kalkulator
A1: Kalkulator - Biaya Kirim GEM
A3: Toko | D3: Blibli Elektronik - Kopo Bandung | F3: Pilih field ini - 1st
A4: Alamat Pengiriman
B5: Kota | D5: Kab. Bandung | F5: Pilih field ini - 2nd
B6: Kode Pos | D6: 40376 | F6: Pilih field ini - 3rd
A7: Tipe Pengiriman | D7: Nextday Delivery | F7: Pilih field ini - 4th
A8: Big Product (>35 Kg) | E8: Biaya Kirim - Customer
A9: Minimum Charge | D9: =INDEX(Sheet1!$F$12:$H$1468,MATCH(Kalkulator!$D$5&Kalkulator!$D$6,Sheet1!$A$12:$A$1468,0),MATCH(Kalkulator!$D$3,Sheet1!$F$11:$H$11,0)) -> ZONE 1 | E9: =D9 -> ZONE 1 | F9: Gratis Biaya Kirim untuk 7 Km dari toko - Bandung Blibli Elektronik
A10: Distance | E10: =ROUNDDOWN(INDEX(Distance!$D$4:$F$1460,MATCH(Kalkulator!$D$5&Kalkulator!$D$6,Distance!$A$4:$A$1460,0),MATCH(Kalkulator!$D$3,Distance!$D$3:$F$3,0)),0) -> 26 | F10: dan 10 Km dari toko - Bekasi Dekoruma Elektronik
B11: Kategori Produk | C11: QTY | D11: ShipCost charged by GDPa
B12: Dispenser | D12: =IF(OR($D$7="Trade In Delivery",$D$7="Lite Install Delivery"), IF($D$9="ZONE 1", IFERROR(_xlfn.IFNA(C12*INDEX(Sheet1!$U$12:$W$21,MATCH(Kalkulator!$B12,Sheet1!$T$12:$T$21,0),MATCH(Kalkulator!$D$7,Sheet1!$U$12:$W$12,0)),"Not Available"),"Not Available"),"Not Available"), IFERROR(_xlfn.IFNA(C12*INDEX(Sheet1!$U$12:$W$21,MATCH(Kalkulator!$B12,Sheet1!$T$12:$T$21,0),MATCH(Kalkulator!$D$7,Sheet1!$U$12:$W$12,0)),"Not Available"),"Not Available")) -> 0 | E12: =D12 -> 0
B13: Home Theather | D13: =IF(OR($D$7="Trade In Delivery",$D$7="Lite Install Delivery"), IF($D$9="ZONE 1", IFERROR(_xlfn.IFNA(C13*INDEX(Sheet1!$U$12:$W$21,MATCH(Kalkulator!$B13,Sheet1!$T$12:$T$21,0),MATCH(Kalkulator!$D$7,Sheet1!$U$12:$W$12,0)),"Not Available"),"Not Available"),"Not Available"), IFERROR(_xlfn.IFNA(C13*INDEX(Sheet1!$U$12:$W$21,MATCH(Kalkulator!$B13,Sheet1!$T$12:$T$21,0),MATCH(Kalkulator!$D$7,Sheet1!$U$12:$W$12,0)),"Not Available"),"Not Available")) -> 0 | E13: =D13 -> 0
B14: Water Heater | D14: =IF(OR($D$7="Trade In Delivery",$D$7="Lite Install Delivery"), IF($D$9="ZONE 1", IFERROR(_xlfn.IFNA(C14*INDEX(Sheet1!$U$12:$W$21,MATCH(Kalkulator!$B14,Sheet1!$T$12:$T$21,0),MATCH(Kalkulator!$D$7,Sheet1!$U$12:$W$12,0)),"Not Available"),"Not Available"),"Not Available"), IFERROR(_xlfn.IFNA(C14*INDEX(Sheet1!$U$12:$W$21,MATCH(Kalkulator!$B14,Sheet1!$T$12:$T$21,0),MATCH(Kalkulator!$D$7,Sheet1!$U$12:$W$12,0)),"Not Available"),"Not Available")) -> 0 | E14: =D14 -> 0
B15: TV (<= 43") | D15: =IF(OR($D$7="Trade In Delivery",$D$7="Lite Install Delivery"), IF($D$9="ZONE 1", IFERROR(_xlfn.IFNA(C15*INDEX(Sheet1!$U$12:$W$21,MATCH(Kalkulator!$B15,Sheet1!$T$12:$T$21,0),MATCH(Kalkulator!$D$7,Sheet1!$U$12:$W$12,0)),"Not Available"),"Not Available"),"Not Available"), IFERROR(_xlfn.IFNA(C15*INDEX(Sheet1!$U$12:$W$21,MATCH(Kalkulator!$B15,Sheet1!$T$12:$T$21,0),MATCH(Kalkulator!$D$7,Sheet1!$U$12:$W$12,0)),"Not Available"),"Not Available")) -> 0 | E15: =D15 -> 0
B16: TV (> 43") | D16: =IF(OR($D$7="Trade In Delivery",$D$7="Lite Install Delivery"), IF($D$9="ZONE 1", IFERROR(_xlfn.IFNA(C16*INDEX(Sheet1!$U$12:$W$21,MATCH(Kalkulator!$B16,Sheet1!$T$12:$T$21,0),MATCH(Kalkulator!$D$7,Sheet1!$U$12:$W$12,0)),"Not Available"),"Not Available"),"Not Available"), IFERROR(_xlfn.IFNA(C16*INDEX(Sheet1!$U$12:$W$21,MATCH(Kalkulator!$B16,Sheet1!$T$12:$T$21,0),MATCH(Kalkulator!$D$7,Sheet1!$U$12:$W$12,0)),"Not Available"),"Not Available")) -> 0 | E16: =D16 -> 0
B17: Mesin Cuci | D17: =IF(OR($D$7="Trade In Delivery",$D$7="Lite Install Delivery"), IF($D$9="ZONE 1", IFERROR(_xlfn.IFNA(C17*INDEX(Sheet1!$U$12:$W$21,MATCH(Kalkulator!$B17,Sheet1!$T$12:$T$21,0),MATCH(Kalkulator!$D$7,Sheet1!$U$12:$W$12,0)),"Not Available"),"Not Available"),"Not Available"), IFERROR(_xlfn.IFNA(C17*INDEX(Sheet1!$U$12:$W$21,MATCH(Kalkulator!$B17,Sheet1!$T$12:$T$21,0),MATCH(Kalkulator!$D$7,Sheet1!$U$12:$W$12,0)),"Not Available"),"Not Available")) -> 0 | E17: =D17 -> 0
B18: AC | D18: =IF(OR($D$7="Trade In Delivery",$D$7="Lite Install Delivery"), IF($D$9="ZONE 1", IFERROR(_xlfn.IFNA(C18*INDEX(Sheet1!$U$12:$W$21,MATCH(Kalkulator!$B18,Sheet1!$T$12:$T$21,0),MATCH(Kalkulator!$D$7,Sheet1!$U$12:$W$12,0)),"Not Available"),"Not Available"),"Not Available"), IFERROR(_xlfn.IFNA(C18*INDEX(Sheet1!$U$12:$W$21,MATCH(Kalkulator!$B18,Sheet1!$T$12:$T$21,0),MATCH(Kalkulator!$D$7,Sheet1!$U$12:$W$12,0)),"Not Available"),"Not Available")) -> 0 | E18: =D18 -> 0
B19: Kulkas (<320Lt) | D19: =IF(OR($D$7="Trade In Delivery",$D$7="Lite Install Delivery"), IF($D$9="ZONE 1", IFERROR(_xlfn.IFNA(C19*INDEX(Sheet1!$U$12:$W$21,MATCH(Kalkulator!$B19,Sheet1!$T$12:$T$21,0),MATCH(Kalkulator!$D$7,Sheet1!$U$12:$W$12,0)),"Not Available"),"Not Available"),"Not Available"), IFERROR(_xlfn.IFNA(C19*INDEX(Sheet1!$U$12:$W$21,MATCH(Kalkulator!$B19,Sheet1!$T$12:$T$21,0),MATCH(Kalkulator!$D$7,Sheet1!$U$12:$W$12,0)),"Not Available"),"Not Available")) -> 0 | E19: =D19 -> 0
B20: Kulkas (320Lt - Side by Side) | D20: =IF(OR($D$7="Trade In Delivery",$D$7="Lite Install Delivery"), IF($D$9="ZONE 1", IFERROR(_xlfn.IFNA(C20*INDEX(Sheet1!$U$12:$W$21,MATCH(Kalkulator!$B20,Sheet1!$T$12:$T$21,0),MATCH(Kalkulator!$D$7,Sheet1!$U$12:$W$12,0)),"Not Available"),"Not Available"),"Not Available"), IFERROR(_xlfn.IFNA(C20*INDEX(Sheet1!$U$12:$W$21,MATCH(Kalkulator!$B20,Sheet1!$T$12:$T$21,0),MATCH(Kalkulator!$D$7,Sheet1!$U$12:$W$12,0)),"Not Available"),"Not Available")) -> 0 | E20: =D20 -> 0
A21: Total Biaya Kirim | D21: =IF(D9="ZONE 1",SUM(D12:D20),IF(SUM(D12:D20)>D9,SUM(D12:D20),D9)) -> 0 | E21: {=IF(E10<=INDEX(Distance!$D$2:$F$2,,MATCH(Kalkulator!$D$3,Distance!$D$3:$F$3,0)),"FREE SHIPPING",IF(E9="ZONE 1",SUM(E12:E20),IF(SUM(E12:E20)>E9,SUM(E12:E20),E9)))} -> 0

Sheet ShipTable Coverage n Min Charge
D3: Distance from | G3: Minimum Charge | L3: Distance from | M3: Minimum Charge
A4: Province | B4: City | C4: Postal Code | D4: WH Bandung | E4: Blibli Elektronik - Kopo Bandung | F4: Blibli Elektronik - Banjaran Bandung | G4: Blibli Elektronik Bandung | I4: Province | J4: City | K4: Postal Code | L4: =M4 -> Dekoruma Elektronik - Kalimalang Bekasi | M4: Dekoruma Elektronik - Kalimalang Bekasi
A5: Jawa Barat | B5: Kab. Bandung | C5: 40191 | D5: 9.2549933 | E5: 14.638923 | F5: 22.040648 | G5: ZONE 1 | I5: Jawa Barat | J5: Kota Bekasi | K5: 17145 | L5: 1.8359805 | M5: ZONE 1
A6: Jawa Barat | B6: Kab. Bandung | C6: 40193 | D6: 11.708879 | E6: 19.414139 | F6: 25.0477 | G6: ZONE 1 | I6: Jawa Barat | J6: Kota Bekasi | K6: 17136 | L6: 2.0726321 | M6: ZONE 1
A7: Jawa Barat | B7: Kab. Bandung | C7: 40195 | D7: 8.0819019 | E7: 16.745119 | F7: 21.274082 | G7: ZONE 1 | I7: Jawa Barat | J7: Kota Bekasi | K7: 17412 | L7: 3.3412314 | M7: ZONE 1
A8: Jawa Barat | B8: Kab. Bandung | C8: 40196 | D8: 16.015679 | E8: 24.21207 | F8: 29.188117 | G8: ZONE 1 | I8: Jawa Barat | J8: Kota Bekasi | K8: 17134 | L8: 3.4909868 | M8: ZONE 1
A9: Jawa Barat | B9: Kab. Bandung | C9: 40197 | D9: 14.172819 | E9: 21.209476 | F9: 27.512772 | G9: ZONE 1 | I9: Jawa Barat | J9: Kota Bekasi | K9: 17146 | L9: 3.5676845 | M9: ZONE 1
A10: Jawa Barat | B10: Kab. Bandung | C10: 40198 | D10: 12.829213 | E10: 18.627884 | F10: 25.909671 | G10: ZONE 1 | I10: Jawa Barat | J10: Kota Bekasi | K10: 17135 | L10: 4.2495175 | M10: ZONE 1
A11: Jawa Barat | B11: Kab. Bandung | C11: 40214 | D11: 14.541253 | E11: 5.2898497 | F11: 14.330216 | G11: ZONE 1 | I11: Jawa Barat | J11: Kota Bekasi | K11: 17148 | L11: 4.4546828 | M11: ZONE 1
A12: Jawa Barat | B12: Kab. Bandung | C12: 40216 | D12: 18.229069 | E12: 9.7833196 | F12: 19.074959 | G12: ZONE 1 | I12: DKI Jakarta | J12: Kota Jakarta Timur | K12: 13460 | L12: 4.5704519 | M12: ZONE 1
A13: Jawa Barat | B13: Kab. Bandung | C13: 40218 | D13: 15.091519 | E13: 5.5559618 | F13: 11.601678 | G13: ZONE 1 | I13: DKI Jakarta | J13: Kota Jakarta Timur | K13: 13450 | L13: 4.6912624 | M13: ZONE 1
A14: Jawa Barat | B14: Kab. Bandung | C14: 40225 | D14: 12.031674 | E14: 2.431313 | F14: 10.913973 | G14: ZONE 1 | I14: Jawa Barat | J14: Kota Bekasi | K14: 17144 | L14: 4.891005 | M14: ZONE 1
A15: Jawa Barat | B15: Kab. Bandung | C15: 40226 | D15: 13.713108 | E15: 4.4935312 | F15: 9.9225949 | G15: ZONE 1 | I15: Jawa Barat | J15: Kota Bekasi | K15: 17133 | L15: 5.1376739 | M15: ZONE 1
A16: Jawa Barat | B16: Kab. Bandung | C16: 40227 | D16: 10.831675 | E16: 2.608778 | F16: 8.4614898 | G16: ZONE 1 | I16: Jawa Barat | J16: Kota Bekasi | K16: 17421 | L16: 5.5069027 | M16: ZONE 1
... A164: Jawa Barat | B164: Kota Cimahi | C164: 40535 | D164: 14.579981 | E164: 8.581413 | F164: 19.182746 | G164: ZONE 1 | I164: DKI Jakarta | J164: Kota Jakarta Selatan | K164: 12710 | L164: 22.451607 | M164: ZONE 1
A165: Jawa Barat | B165: Kab. Bandung | C165: 40267 | D165: 5.3638834 | E165: 7.7365421 | F165: 7.9858895 | G165: 165000 | I165: DKI Jakarta | J165: Kota Jakarta Utara | K165: 14230 | L165: 22.492893 | M165: ZONE 1
A166: Jawa Barat | B166: Kab. Bandung | C166: 40217 | D166: 17.708364 | E166: 8.1504211 | F166: 15.229479 | G166: 225000 | I166: DKI Jakarta | J166: Kota Jakarta Selatan | K166: 12540 | L166: 22.636652 | M166: ZONE 1
A167: Jawa Barat | B167: Kab. Bandung | C167: 40379 | D167: 20.927723 | E167: 19.993067 | F167: 9.3397437 | G167: 240000 | I167: DKI Jakarta | J167: Kota Jakarta Pusat | K167: 10410 | L167: 22.641422 | M167: ZONE 1
A168: Jawa Barat | B168: Kab. Bandung Barat | C168: 40391 | D168: 20.644678 | E168: 25.790033 | F168: 33.672207 | G168: 240000 | I168: DKI Jakarta | J168: Kota Jakarta Pusat | K168: 10630 | L168: 22.722834 | M168: ZONE 1
A169: Jawa Barat | B169: Kab. Bandung | C169: 40394 | D169: 22.890208 | E169: 31.55307 | F169: 27.895842 | G169: 250000 | I169: DKI Jakarta | J169: Kota Jakarta Pusat | K169: 10350 | L169: 22.767396 | M169: ZONE 1
A170: Jawa Barat | B170: Kab. Bandung | C170: 40238 | D170: 24.858141 | E170: 17.785879 | F170: 12.809321 | G170: 260000 | I170: DKI Jakarta | J170: Kota Jakarta Timur | K170: 13790 | L170: 22.803422 | M170: ZONE 1
A171: Jawa Barat | B171: Kab. Sumedang | C171: 45366 | D171: 24.611745 | E171: 34.090895 | F171: 35.806745 | G171: 260000 | I171: DKI Jakarta | J171: Kota Jakarta Selatan | K171: 12910 | L171: 22.813449 | M171: ZONE 1
A172: Jawa Barat | B172: Kab. Bandung | C172: 40377 | D172: 25.151492 | E172: 21.278046 | F172: 11.856312 | G172: 265000 | I172: DKI Jakarta | J172: Kota Jakarta Selatan | K172: 12730 | L172: 22.859796 | M172: ZONE 1
A173: Jawa Barat | B173: Kab. Bandung | C173: 40382 | D173: 25.646406 | E173: 31.060051 | F173: 23.031906 | G173: 265000 | I173: DKI Jakarta | J173: Kota Jakarta Selatan | K173: 12520 | L173: 22.957377 | M173: ZONE 1
A174: Jawa Barat | B174: Kab. Bandung Barat | C174: 40392 | D174: 25.794332 | E174: 31.323952 | F174: 23.386047 | G174: 265000 | I174: DKI Jakarta | J174: Kota Jakarta Pusat | K174: 10620 | L174: 23.026984 | M174: ZONE 1
A175: Jawa Barat | B175: Kab. Bandung Barat | C175: 40552 | D175: 26.84907 | E175: 21.873142 | F175: 32.341239 | G175: 270000 | I175: DKI Jakarta | J175: Kota Jakarta Selatan | K175: 12920 | L175: 23.060034 | M175: ZONE 1
A176: Jawa Barat | B176: Kab. Bandung | C176: 40374 | D176: 27.861338 | E176: 22.045091 | F176: 14.750302 | G176: 275000 | I176: Jawa Barat | J176: Kab. Bogor | K176: 16967 | L176: 23.108962 | M176: ZONE 1
... A574: Jawa Barat | B574: Kab. Kuningan | C574: 45517 | D574: 139.65476 | E574: 148.89504 | F574: 144.98611 | G574: 835000 | I574: Jawa Barat | J574: Kab. Bogor | K574: 16660 | L574: 102.66483 | M574: ZONE 1
A575: Jawa Barat | B575: Kab. Kuningan | C575: 45566 | D575: 139.73989 | E575: 148.40685 | F575: 142.92986 | G575: 835000 | I575: Jawa Barat | J575: Kab. Bogor | K575: 16119 | L575: 66.299902 | M575: 315000
A576: Jawa Barat | B576: Kab. Bogor | C576: 16710 | D576: 140.3101 | E576: 133.9118 | F576: 143.02503 | G576: 840000 | I576: Jawa Barat | J576: Kab. Cianjur | K576: 43253 | L576: 81.875026 | M576: 440000
A577: Jawa Barat | B577: Kab. Cirebon | C577: 45611 | D577: 140.93989 | E577: 150.5508 | F577: 149.02956 | G577: 840000 | I577: Banten | J577: Kota Tangerang | K577: 15157 | L577: 41.586343 | M577: 440000
A578: Jawa Barat | B578: Kab. Indramayu | C578: 45281 | D578: 140.82097 | E578: 149.92853 | F578: 152.2064 | G578: 840000 | I578: Jawa Barat | J578: Kab. Sukabumi | K578: 43359 | L578: 94.089422 | M578: 455000
A579: Jawa Barat | B579: Kab. Kuningan | C579: 45553 | D579: 140.82113 | E579: 150.12668 | F579: 146.46339 | G579: 840000 | I579: Jawa Barat | J579: Kab. Sukabumi | K579: 43358 | L579: 95.073837 | M579: 460000
A580: Jawa Barat | B580: Kab. Kuningan | C580: 45565 | D580: 140.65022 | E580: 149.66338 | F580: 145.03139 | G580: 840000 | I580: DKI Jakarta | J580: Kota Jakarta Utara | K580: 16920 | L580: 19.010401 | M580: 460000
A581: Jawa Barat | B581: Kab. Tasikmalaya | C581: 46168 | D581: 140.67597 | E581: 146.71481 | F581: 137.85331 | G581: 840000 | I581: Jawa Barat | J581: Kab. Sukabumi | K581: 43356 | L581: 96.262891 | M581: 470000
A582: Jawa Barat | B582: Kota Bogor | C582: 16146 | D582: 140.52412 | E582: 132.7559 | F582: 140.51239 | G582: 840000 | I582: Jawa Barat | J582: Kab. Cianjur | K582: 43254 | L582: 81.445288 | M582: 475000
A583: Jawa Barat | B583: Kab. Bogor | C583: 16110 | D583: 141.1277 | E583: 132.69327 | F583: 139.44164 | G583: 845000 | I583: Jawa Barat | J583: Kab. Karawang | K583: 41362 | L583: 61.890582 | M583: 485000
A584: Jawa Barat | B584: Kab. Cirebon | C584: 45612 | D584: 141.97456 | E584: 151.57336 | F584: 149.8145 | G584: 845000 | I584: Jawa Barat | J584: Kab. Sukabumi | K584: 43153 | L584: 95.428761 | M584: 485000
A585: Jawa Barat | B585: Kab. Kuningan | C585: 45513 | D585: 141.16981 | E585: 150.38787 | F585: 146.39517 | G585: 845000 | I585: Jawa Barat | J585: Kab. Sukabumi | K585: 43355 | L585: 101.8614 | M585: 490000
A586: Jawa Barat | B586: Kab. Kuningan | C586: 45516 | D586: 141.23187 | E586: 150.34238 | F586: 145.99521 | G586: 845000 | I586: Jawa Barat | J586: Kab. Sukabumi | K586: 43357 | L586: 104.78021 | M586: 510000
... A1461: Banten | B1461: Kab. Pandeglang | C1461: 42284 | D1461: 375.00623 | E1461: 365.9095 | F1461: 370.87484 | G1461: 2015000 | I1461: Jawa Barat | J1461: Kab. Pangandaran | K1461: 46397 | L1461: 373.24017 | M1461: 2010000

Sheet Sheet1
A1: Blibli Elektronik - Kopo Bandung | D1: Jawa Barat - Blibli Elektronik | N1: Jabodetabek - Dekoruma
A2: Blibli Elektronik - Banjaran Bandung
A3: Dekoruma Elektronik - Kalimalang Bekasi | D3: WH | E3: Store | N3: WH | O3: Store
D4: WH Bandung | E4: BE - 1 - BDO | N4: WH Cibinong | O4: DE - 1 BKI
D5: Kiaracondong | E5: Kopo | N5: Cibinong | O5: Kalimalang
D6: https://maps.app.goo.gl/6v79gQL7bjGS5Wr79 | E6: https://maps.app.goo.gl/yqpJkETomQgMRFxu8 | N6: https://maps.app.goo.gl/Ee7ZDBQZ67xspzGg9 | O6: https://maps.app.goo.gl/pCKB2rH92pKezD4n7
D7: -6.936177 | E7: -6.950973 | N7: -6.4727302 | O7: -6.2466437
D8: 107.64238 | E8: 107.58622 | F8: Blibli Elektronik - Kopo Bandung | I8: Blibli Elektronik - Kopo Bandung | N8: 106.86182 | O8: 106.95729 | P8: Dekoruma Elektronik - Kalimalang Bekasi | Q8: Dekoruma Elektronik - Kalimalang Bekasi
D9: Distance (Km) | F9: Minimum Charge (ZONE 2) | N9: Distance (Km) | P9: Minimum Charge (ZONE 2)
A11: Province | B11: City | C11: Postal Code | D11: WH Bandung | E11: BE - 1 - BDO | F11: Blibli Elektronik - Kopo Bandung | G11: Blibli Elektronik - Banjaran Bandung | H11: Dekoruma Elektronik - Kalimalang Bekasi | I11: Regular (3-4 Days) | K11: Province | L11: City | M11: Postal Code | N11: WH Cibinong | O11: DE - 1 BKI | P11: Nextday (1-2 Days) | Q11: Regular (3-4 Days) | T11: Coverage Area | U11: Zone 1 & 2 | V11: Zone 1 | W11: Zone 1 | AC11: Kota Cimahi | AD11: Kota Bandung | AE11: Kab. Bandung Barat | AF11: Kab. Bandung | AG11: Kab. Sumedang | AH11: Kab. Subang | AI11: Kab. Purwakarta | AJ11: Kab. Garut | AK11: Kab. Cianjur | AL11: Kab. Indramayu | AM11: Kab. Tasikmalaya | AN11: Kab. Majalengka | AO11: Kab. Karawang | AP11: Kab. Bogor | AQ11: Kab. Sukabumi | AR11: Kab. Ciamis | AS11: Kota Tasikmalaya | AT11: Kab. Bekasi | AU11: Kota Sukabumi | AV11: Kab. Kuningan | AW11: Kab. Cirebon | AX11: Kota Bogor | AY11: Kota Bekasi | AZ11: Kota Cirebon | BA11: Kota Depok | BB11: Kota Jakarta Timur | BC11: Kota Banjar | BD11: Kab. Pangandaran | BE11: Kota Jakarta Pusat | BF11: Kota Jakarta Selatan | BG11: Kota Jakarta Utara | BH11: Kota Tangerang Selatan | BI11: Kota Jakarta Barat | BJ11: Kota Tangerang | BK11: Kab. Tangerang | BL11: Kab. Lebak | BM11: Kab. Kepulauan Seribu | BN11: Kab. Serang | BO11: Kota Serang | BP11: Kab. Pandeglang | BQ11: Kota Cilegon | BU11: Province | BV11: City | BW11: Postal Code | BX11: Lat | BY11: Long | BZ11: Banjaran
A12: =B12&C12 -> Kab. Lebak42311 | B12: Kab. Lebak | C12: 42311 | D12: 250.70104 | E12: 243.14966 | F12: 1390000 | G12: 1390000 | H12: 705000 | I12: 1390000 | K12: Banten | L12: Kab. Lebak | M12: 42311 | N12: 103.75134 | O12: 119.01643 | P12: 705000 | Q12: 705000 | T12: Category | U12: Nextday Delivery | V12: Trade In Delivery | W12: Lite Install Delivery | X12: Kota Cimahi | Y12: 40534 | Z12: =X12&Y12 -> Kota Cimahi40534 | AA12: Kota Cimahi | AB12: 40534 | AC12: =IFERROR(IF(MATCH(AC$11&$AB12,$Z$12:$Z$1468,0)>0,$AB12,""),"") -> 40534 | AD12: =IFERROR(IF(MATCH(AD$11&$AB12,$Z$12:$Z$1468,0)>0,$AB12,""),"") | AE12: =IFERROR(IF(MATCH(AE$11&$AB12,$Z$12:$Z$1468,0)>0,$AB12,""),"") | AF12: =IFERROR(IF(MATCH(AF$11&$AB12,$Z$12:$Z$1468,0)>0,$AB12,""),"") | AG12: =IFERROR(IF(MATCH(AG$11&$AB12,$Z$12:$Z$1468,0)>0,$AB12,""),"") | AH12: =IFERROR(IF(MATCH(AH$11&$AB12,$Z$12:$Z$1468,0)>0,$AB12,""),"") | AI12: =IFERROR(IF(MATCH(AI$11&$AB12,$Z$12:$Z$1468,0)>0,$AB12,""),"") | AJ12: =IFERROR(IF(MATCH(AJ$11&$AB12,$Z$12:$Z$1468,0)>0,$AB12,""),"") | ... BQ12: =IFERROR(IF(MATCH(BQ$11&$AB12,$Z$12:$Z$1468,0)>0,$AB12,""),"") | BU12: Banten | BV12: Kab. Lebak | BW12: 42311 | BX12: -6.3534552 | BY12: 106.24748 | BZ12: 251.02112
A13: =B13&C13 -> Kab. Lebak42312 | B13: Kab. Lebak | C13: 42312 | D13: 241.49513 | E13: 234.07783 | F13: 1345000 | G13: 1345000 | H13: 655000 | I13: 1345000 | K13: Banten | L13: Kab. Lebak | M13: 42312 | N13: 93.683491 | O13: 108.42315 | P13: 655000 | Q13: 655000 | T13: Dispenser | U13: 75000 | V13: =U13*2 -> 150000 | W13: =U13+15000 -> 90000 | X13: Kota Cimahi | Y13: 40535 | Z13: =X13&Y13 -> Kota Cimahi40535 | AA13: Kota Bandung | AB13: 10110 | AC13: =IFERROR(IF(MATCH(AC$11&$AB13,$Z$12:$Z$1468,0)>0,$AB13,""),"") | AD13: =IFERROR(IF(MATCH(AD$11&$AB13,$Z$12:$Z$1468,0)>0,$AB13,""),"") | AE13: =IFERROR(IF(MATCH(AE$11&$AB13,$Z$12:$Z$1468,0)>0,$AB13,""),"") | AF13: =IFERROR(IF(MATCH(AF$11&$AB13,$Z$12:$Z$1468,0)>0,$AB13,""),"") | AG13: =IFERROR(IF(MATCH(AG$11&$AB13,$Z$12:$Z$1468,0)>0,$AB13,""),"") | AH13: =IFERROR(IF(MATCH(AH$11&$AB13,$Z$12:$Z$1468,0)>0,$AB13,""),"") | AI13: =IFERROR(IF(MATCH(AI$11&$AB13,$Z$12:$Z$1468,0)>0,$AB13,""),"") | AJ13: =IFERROR(IF(MATCH(AJ$11&$AB13,$Z$12:$Z$1468,0)>0,$AB13,""),"") | ... BQ13: =IFERROR(IF(MATCH(BQ$11&$AB13,$Z$12:$Z$1468,0)>0,$AB13,""),"") | BU13: Banten | BV13: Kab. Lebak | BW13: 42312 | BX13: -6.3465331 | BY13: 106.31106 | BZ13: 242.11354
A14: =B14&C14 -> Kab. Lebak42313 | B14: Kab. Lebak | C14: 42313 | D14: 245.37766 | E14: 237.78291 | F14: 1365000 | G14: 1365000 | H14: 680000 | I14: 1365000 | K14: Banten | L14: Kab. Lebak | M14: 42313 | N14: 98.950148 | O14: 115.50688 | P14: 680000 | Q14: 680000 | T14: Home Theather | U14: 75000 | V14: =U14*2 -> 150000 | W14: N/A | X14: Kota Cimahi | Y14: 40514 | Z14: =X14&Y14 -> Kota Cimahi40514 | AA14: Kab. Bandung Barat | AB14: 10120 | AC14: =IFERROR(IF(MATCH(AC$11&$AB14,$Z$12:$Z$1468,0)>0,$AB14,""),"") | AD14: =IFERROR(IF(MATCH(AD$11&$AB14,$Z$12:$Z$1468,0)>0,$AB14,""),"") | AE14: =IFERROR(IF(MATCH(AE$11&$AB14,$Z$12:$Z$1468,0)>0,$AB14,""),"") | AF14: =IFERROR(IF(MATCH(AF$11&$AB14,$Z$12:$Z$1468,0)>0,$AB14,""),"") | AG14: =IFERROR(IF(MATCH(AG$11&$AB14,$Z$12:$Z$1468,0)>0,$AB14,""),"") | AH14: =IFERROR(IF(MATCH(AH$11&$AB14,$Z$12:$Z$1468,0)>0,$AB14,""),"") | AI14: =IFERROR(IF(MATCH(AI$11&$AB14,$Z$12:$Z$1468,0)>0,$AB14,""),"") | AJ14: =IFERROR(IF(MATCH(AJ$11&$AB14,$Z$12:$Z$1468,0)>0,$AB14,""),"") | ... BQ14: =IFERROR(IF(MATCH(BQ$11&$AB14,$Z$12:$Z$1468,0)>0,$AB14,""),"") | BU14: Banten | BV14: Kab. Lebak | BW14: 42313 | BX14: -6.3759972 | BY14: 106.27281 | BZ14: 245.60598
A15: =B15&C15 -> Kab. Lebak42314 | B15: Kab. Lebak | C15: 42314 | D15: 249.36206 | E15: 241.8135 | F15: 1385000 | G15: 1385000 | H15: 700000 | I15: 1385000 | K15: Banten | L15: Kab. Lebak | M15: 42314 | N15: 102.42041 | O15: 117.82385 | P15: 700000 | Q15: 700000 | T15: Water Heater | U15: 75000 | V15: =U15*2 -> 150000 | W15: N/A | X15: Kota Cimahi | Y15: 40522 | Z15: =X15&Y15 -> Kota Cimahi40522 | AA15: Kab. Bandung | AB15: 10130 | AC15: =IFERROR(IF(MATCH(AC$11&$AB15,$Z$12:$Z$1468,0)>0,$AB15,""),"") | AD15: =IFERROR(IF(MATCH(AD$11&$AB15,$Z$12:$Z$1468,0)>0,$AB15,""),"") | AE15: =IFERROR(IF(MATCH(AE$11&$AB15,$Z$12:$Z$1468,0)>0,$AB15,""),"") | AF15: =IFERROR(IF(MATCH(AF$11&$AB15,$Z$12:$Z$1468,0)>0,$AB15,""),"") | AG15: =IFERROR(IF(MATCH(AG$11&$AB15,$Z$12:$Z$1468,0)>0,$AB15,""),"") | AH15: =IFERROR(IF(MATCH(AH$11&$AB15,$Z$12:$Z$1468,0)>0,$AB15,""),"") | AI15: =IFERROR(IF(MATCH(AI$11&$AB15,$Z$12:$Z$1468,0)>0,$AB15,""),"") | AJ15: =IFERROR(IF(MATCH(AJ$11&$AB15,$Z$12:$Z$1468,0)>0,$AB15,""),"") | ... BQ15: =IFERROR(IF(MATCH(BQ$11&$AB15,$Z$12:$Z$1468,0)>0,$AB15,""),"") | BU15: Banten | BV15: Kab. Lebak | BW15: 42314 | BX15: -6.3560275 | BY15: 106.25516 | BZ15: 249.68938
A16: =B16&C16 -> Kab. Lebak42315 | B16: Kab. Lebak | C16: 42315 | D16: 221.64996 | E16: 213.21867 | F16: 1245000 | G16: 1245000 | H16: 640000 | I16: 1245000 | K16: Banten | L16: Kab. Lebak | M16: 42315 | N16: 90.205612 | O16: 120.43982 | P16: 640000 | Q16: 640000 | T16: TV (<= 43") | U16: 75000 | V16: =U16*2 -> 150000 | W16: =U16+15000 -> 90000 | X16: Kota Cimahi | Y16: 40533 | Z16: =X16&Y16 -> Kota Cimahi40533 | AA16: Kab. Sumedang | AB16: 10140 | AC16: =IFERROR(IF(MATCH(AC$11&$AB16,$Z$12:$Z$1468,0)>0,$AB16,""),"") | AD16: =IFERROR(IF(MATCH(AD$11&$AB16,$Z$12:$Z$1468,0)>0,$AB16,""),"") | AE16: =IFERROR(IF(MATCH(AE$11&$AB16,$Z$12:$Z$1468,0)>0,$AB16,""),"") | AF16: =IFERROR(IF(MATCH(AF$11&$AB16,$Z$12:$Z$1468,0)>0,$AB16,""),"") | AG16: =IFERROR(IF(MATCH(AG$11&$AB16,$Z$12:$Z$1468,0)>0,$AB16,""),"") | AH16: =IFERROR(IF(MATCH(AH$11&$AB16,$Z$12:$Z$1468,0)>0,$AB16,""),"") | AI16: =IFERROR(IF(MATCH(AI$11&$AB16,$Z$12:$Z$1468,0)>0,$AB16,""),"") | AJ16: =IFERROR(IF(MATCH(AJ$11&$AB16,$Z$12:$Z$1468,0)>0,$AB16,""),"") | ... BQ16: =IFERROR(IF(MATCH(BQ$11&$AB16,$Z$12:$Z$1468,0)>0,$AB16,""),"") | BU16: Banten | BV16: Kab. Lebak | BW16: 42315 | BX16: -6.6284399 | BY16: 106.34049 | BZ16: 219.82621
A17: =B17&C17 -> Kab. Lebak42316 | B17: Kab. Lebak | C17: 42316 | D17: 248.60982 | E17: 241.13966 | F17: 1380000 | G17: 1380000 | H17: 695000 | I17: 1380000 | K17: Banten | L17: Kab. Lebak | M17: 42316 | N17: 101.05012 | O17: 115.51351 | P17: 695000 | Q17: 695000 | T17: TV (> 43") | U17: 100000 | V17: =U17*2 -> 200000 | W17: =U17+15000 -> 115000 | X17: Kota Cimahi | Y17: 40513 | Z17: =X17&Y17 -> Kota Cimahi40513 | AA17: Kab. Subang | AB17: 10150 | AC17: =IFERROR(IF(MATCH(AC$11&$AB17,$Z$12:$Z$1468,0)>0,$AB17,""),"") | AD17: =IFERROR(IF(MATCH(AD$11&$AB17,$Z$12:$Z$1468,0)>0,$AB17,""),"") | AE17: =IFERROR(IF(MATCH(AE$11&$AB17,$Z$12:$Z$1468,0)>0,$AB17,""),"") | AF17: =IFERROR(IF(MATCH(AF$11&$AB17,$Z$12:$Z$1468,0)>0,$AB17,""),"") | AG17: =IFERROR(IF(MATCH(AG$11&$AB17,$Z$12:$Z$1468,0)>0,$AB17,""),"") | AH17: =IFERROR(IF(MATCH(AH$11&$AB17,$Z$12:$Z$1468,0)>0,$AB17,""),"") | AI17: =IFERROR(IF(MATCH(AI$11&$AB17,$Z$12:$Z$1468,0)>0,$AB17,""),"") | AJ17: =IFERROR(IF(MATCH(AJ$11&$AB17,$Z$12:$Z$1468,0)>0,$AB17,""),"") | ... BQ17: =IFERROR(IF(MATCH(BQ$11&$AB17,$Z$12:$Z$1468,0)>0,$AB17,""),"") | BU17: Banten | BV17: Kab. Lebak | BW17: 42316 | BX17: -6.3402517 | BY17: 106.26692 | BZ17: 249.10884
A18: =B18&C18 -> Kab. Lebak42317 | B18: Kab. Lebak | C18: 42317 | D18: 252.10735 | E18: 244.57856 | F18: 1400000 | G18: 1400000 | H18: 710000 | I18: 1400000 | K18: Banten | L18: Kab. Lebak | M18: 42317 | N18: 104.93787 | O18: 119.72578 | P18: 710000 | Q18: 710000 | T18: Mesin Cuci | U18: 100000 | V18: =U18*2 -> 200000 | W18: =U18+15000 -> 115000 | X18: Kota Cimahi | Y18: 40512 | Z18: =X18&Y18 -> Kota Cimahi40512 | AA18: Kab. Purwakarta | AB18: 10160 | AC18: =IFERROR(IF(MATCH(AC$11&$AB18,$Z$12:$Z$1468,0)>0,$AB18,""),"") | AD18: =IFERROR(IF(MATCH(AD$11&$AB18,$Z$12:$Z$1468,0)>0,$AB18,""),"") | AE18: =IFERROR(IF(MATCH(AE$11&$AB18,$Z$12:$Z$1468,0)>0,$AB18,""),"") | AF18: =IFERROR(IF(MATCH(AF$11&$AB18,$Z$12:$Z$1468,0)>0,$AB18,""),"") | AG18: =IFERROR(IF(MATCH(AG$11&$AB18,$Z$12:$Z$1468,0)>0,$AB18,""),"") | AH18: =IFERROR(IF(MATCH(AH$11&$AB18,$Z$12:$Z$1468,0)>0,$AB18,""),"") | AI18: =IFERROR(IF(MATCH(AI$11&$AB18,$Z$12:$Z$1468,0)>0,$AB18,""),"") | AJ18: =IFERROR(IF(MATCH(AJ$11&$AB18,$Z$12:$Z$1468,0)>0,$AB18,""),"") | ... BQ18: =IFERROR(IF(MATCH(BQ$11&$AB18,$Z$12:$Z$1468,0)>0,$AB18,""),"") | BU18: Banten | BV18: Kab. Lebak | BW18: 42317 | BX18: -6.3449016 | BY18: 106.24192 | BZ18: 252.47598
A19: =B19&C19 -> Kab. Lebak42318 | B19: Kab. Lebak | C19: 42318 | D19: 217.85312 | E19: 209.34994 | F19: 1225000 | G19: 1225000 | H19: 630000 | I19: 1225000 | K19: Banten | L19: Kab. Lebak | M19: 42318 | N19: 88.743924 | O19: 120.28284 | P19: 630000 | Q19: 630000 | T19: AC | U19: 125000 | V19: =U19*2 -> 250000 | W19: N/A | X19: Kota Cimahi | Y19: 40523 | Z19: =X19&Y19 -> Kota Cimahi40523 | AA19: Kab. Garut | AB19: 10210 | AC19: =IFERROR(IF(MATCH(AC$11&$AB19,$Z$12:$Z$1468,0)>0,$AB19,""),"") | AD19: =IFERROR(IF(MATCH(AD$11&$AB19,$Z$12:$Z$1468,0)>0,$AB19,""),"") | AE19: =IFERROR(IF(MATCH(AE$11&$AB19,$Z$12:$Z$1468,0)>0,$AB19,""),"") | AF19: =IFERROR(IF(MATCH(AF$11&$AB19,$Z$12:$Z$1468,0)>0,$AB19,""),"") | AG19: =IFERROR(IF(MATCH(AG$11&$AB19,$Z$12:$Z$1468,0)>0,$AB19,""),"") | AH19: =IFERROR(IF(MATCH(AH$11&$AB19,$Z$12:$Z$1468,0)>0,$AB19,""),"") | AI19: =IFERROR(IF(MATCH(AI$11&$AB19,$Z$12:$Z$1468,0)>0,$AB19,""),"") | AJ19: =IFERROR(IF(MATCH(AJ$11&$AB19,$Z$12:$Z$1468,0)>0,$AB19,""),"") | ... BQ19: =IFERROR(IF(MATCH(BQ$11&$AB19,$Z$12:$Z$1468,0)>0,$AB19,""),"") | BU19: Banten | BV19: Kab. Lebak | BW19: 42318 | BX19: -6.6536226 | BY19: 106.35815 | BZ19: 215.82911
A20: =B20&C20 -> Kab. Lebak42319 | B20: Kab. Lebak | C20: 42319 | D20: 238.46477 | E20: 230.17154 | F20: 1330000 | G20: 1330000 | H20: 700000 | I20: 1330000 | K20: Banten | L20: Kab. Lebak | M20: 42319 | N20: 102.17096 | O20: 128.32245 | P20: 700000 | Q20: 700000 | T20: Kulkas (<320Lt) | U20: 150000 | V20: =U20*2 -> 300000 | W20: =U20+15000 -> 165000 | X20: Kota Cimahi | Y20: 40525 | Z20: =X20&Y20 -> Kota Cimahi40525 | AA20: Kab. Cianjur | AB20: 10220 | AC20: =IFERROR(IF(MATCH(AC$11&$AB20,$Z$12:$Z$1468,0)>0,$AB20,""),"") | AD20: =IFERROR(IF(MATCH(AD$11&$AB20,$Z$12:$Z$1468,0)>0,$AB20,""),"") | AE20: =IFERROR(IF(MATCH(AE$11&$AB20,$Z$12:$Z$1468,0)>0,$AB20,""),"") | AF20: =IFERROR(IF(MATCH(AF$11&$AB20,$Z$12:$Z$1468,0)>0,$AB20,""),"") | AG20: =IFERROR(IF(MATCH(AG$11&$AB20,$Z$12:$Z$1468,0)>0,$AB20,""),"") | AH20: =IFERROR(IF(MATCH(AH$11&$AB20,$Z$12:$Z$1468,0)>0,$AB20,""),"") | AI20: =IFERROR(IF(MATCH(AI$11&$AB20,$Z$12:$Z$1468,0)>0,$AB20,""),"") | AJ20: =IFERROR(IF(MATCH(AJ$11&$AB20,$Z$12:$Z$1468,0)>0,$AB20,""),"") | ... BQ20: =IFERROR(IF(MATCH(BQ$11&$AB20,$Z$12:$Z$1468,0)>0,$AB20,""),"") | BU20: Banten | BV20: Kab. Lebak | BW20: 42319 | BX20: -6.5643956 | BY20: 106.25221 | BZ20: 237.00197
A21: =B21&C21 -> Kab. Lebak42352 | B21: Kab. Lebak | C21: 42352 | D21: 264.04785 | E21: 256.45901 | F21: 1460000 | G21: 1460000 | H21: 775000 | I21: 1460000 | K21: Banten | L21: Kab. Lebak | M21: 42352 | N21: 117.122 | O21: 131.2948 | P21: 775000 | Q21: 775000 | T21: Kulkas (320Lt - Side by Side) | U21: 175000 | V21: =U21*2 -> 350000 | W21: =U21+15000 -> 190000 | X21: Kota Cimahi | Y21: 40521 | Z21: =X21&Y21 -> Kota Cimahi40521 | AA21: Kab. Indramayu | AB21: 10230 | AC21: =IFERROR(IF(MATCH(AC$11&$AB21,$Z$12:$Z$1468,0)>0,$AB21,""),"") | AD21: =IFERROR(IF(MATCH(AD$11&$AB21,$Z$12:$Z$1468,0)>0,$AB21,""),"") | AE21: =IFERROR(IF(MATCH(AE$11&$AB21,$Z$12:$Z$1468,0)>0,$AB21,""),"") | AF21: =IFERROR(IF(MATCH(AF$11&$AB21,$Z$12:$Z$1468,0)>0,$AB21,""),"") | AG21: =IFERROR(IF(MATCH(AG$11&$AB21,$Z$12:$Z$1468,0)>0,$AB21,""),"") | AH21: =IFERROR(IF(MATCH(AH$11&$AB21,$Z$12:$Z$1468,0)>0,$AB21,""),"") | AI21: =IFERROR(IF(MATCH(AI$11&$AB21,$Z$12:$Z$1468,0)>0,$AB21,""),"") | AJ21: =IFERROR(IF(MATCH(AJ$11&$AB21,$Z$12:$Z$1468,0)>0,$AB21,""),"") | ... BQ21: =IFERROR(IF(MATCH(BQ$11&$AB21,$Z$12:$Z$1468,0)>0,$AB21,""),"") | BU21: Banten | BV21: Kab. Lebak | BW21: 42352 | BX21: -6.3305165 | BY21: 106.16986 | BZ21: 264.27516
A22: =B22&C22 -> Kab. Lebak42353 | B22: Kab. Lebak | C22: 42353 | D22: 267.27183 | E22: 259.00922 | F22: 1475000 | G22: 1475000 | H22: 830000 | I22: 1475000 | K22: Banten | L22: Kab. Lebak | M22: 42353 | N22: 128.45247 | O22: 150.61636 | P22: 830000 | Q22: 830000 | X22: Kota Cimahi | Y22: 40532 | Z22: =X22&Y22 -> Kota Cimahi40532 | AA22: Kab. Tasikmalaya | AB22: 10240 | AC22: =IFERROR(IF(MATCH(AC$11&$AB22,$Z$12:$Z$1468,0)>0,$AB22,""),"") | AD22: =IFERROR(IF(MATCH(AD$11&$AB22,$Z$12:$Z$1468,0)>0,$AB22,""),"") | AE22: =IFERROR(IF(MATCH(AE$11&$AB22,$Z$12:$Z$1468,0)>0,$AB22,""),"") | AF22: =IFERROR(IF(MATCH(AF$11&$AB22,$Z$12:$Z$1468,0)>0,$AB22,""),"") | AG22: =IFERROR(IF(MATCH(AG$11&$AB22,$Z$12:$Z$1468,0)>0,$AB22,""),"") | AH22: =IFERROR(IF(MATCH(AH$11&$AB22,$Z$12:$Z$1468,0)>0,$AB22,""),"") | AI22: =IFERROR(IF(MATCH(AI$11&$AB22,$Z$12:$Z$1468,0)>0,$AB22,""),"") | AJ22: =IFERROR(IF(MATCH(AJ$11&$AB22,$Z$12:$Z$1468,0)>0,$AB22,""),"") | ... BQ22: =IFERROR(IF(MATCH(BQ$11&$AB22,$Z$12:$Z$1468,0)>0,$AB22,""),"") | BU22: Banten | BV22: Kab. Lebak | BW22: 42353 | BX22: -6.5079856 | BY22: 106.08753 | BZ22: 265.86571
A23: =B23&C23 -> Kab. Lebak42354 | B23: Kab. Lebak | C23: 42354 | D23: 269.20641 | E23: 260.65004 | F23: 1485000 | G23: 1485000 | H23: 865000 | I23: 1485000 | K23: Banten | L23: Kab. Lebak | M23: 42354 | N23: 135.87003 | O23: 161.28382 | P23: 865000 | Q23: 865000 | X23: Kota Cimahi | Y23: 40524 | Z23: =X23&Y23 -> Kota Cimahi40524 | AA23: Kab. Majalengka | AB23: 10250 | AC23: =IFERROR(IF(MATCH(AC$11&$AB23,$Z$12:$Z$1468,0)>0,$AB23,""),"") | AD23: =IFERROR(IF(MATCH(AD$11&$AB23,$Z$12:$Z$1468,0)>0,$AB23,""),"") | AE23: =IFERROR(IF(MATCH(AE$11&$AB23,$Z$12:$Z$1468,0)>0,$AB23,""),"") | AF23: =IFERROR(IF(MATCH(AF$11&$AB23,$Z$12:$Z$1468,0)>0,$AB23,""),"") | AG23: =IFERROR(IF(MATCH(AG$11&$AB23,$Z$12:$Z$1468,0)>0,$AB23,""),"") | AH23: =IFERROR(IF(MATCH(AH$11&$AB23,$Z$12:$Z$1468,0)>0,$AB23,""),"") | AI23: =IFERROR(IF(MATCH(AI$11&$AB23,$Z$12:$Z$1468,0)>0,$AB23,""),"") | AJ23: =IFERROR(IF(MATCH(AJ$11&$AB23,$Z$12:$Z$1468,0)>0,$AB23,""),"") | ... BQ23: =IFERROR(IF(MATCH(BQ$11&$AB23,$Z$12:$Z$1468,0)>0,$AB23,""),"") | BU23: Banten | BV23: Kab. Lebak | BW23: 42354 | BX23: -6.6019221 | BY23: 106.05226 | BZ23: 266.97651
A24: =B24&C24 -> Kab. Lebak42355 | B24: Kab. Lebak | C24: 42355 | D24: 281.27247 | E24: 272.72325 | F24: 1545000 | G24: 1545000 | H24: 925000 | I24: 1545000 | K24: Banten | L24: Kab. Lebak | M24: 42355 | N24: 147.00686 | O24: 171.18357 | P24: 925000 | Q24: 925000 | X24: Kota Cimahi | Y24: 40531 | Z24: =X24&Y24 -> Kota Cimahi40531 | AA24: Kab. Karawang | AB24: 10260 | AC24: =IFERROR(IF(MATCH(AC$11&$AB24,$Z$12:$Z$1468,0)>0,$AB24,""),"") | AD24: =IFERROR(IF(MATCH(AD$11&$AB24,$Z$12:$Z$1468,0)>0,$AB24,""),"") | AE24: =IFERROR(IF(MATCH(AE$11&$AB24,$Z$12:$Z$1468,0)>0,$AB24,""),"") | AF24: =IFERROR(IF(MATCH(AF$11&$AB24,$Z$12:$Z$1468,0)>0,$AB24,""),"") | AG24: =IFERROR(IF(MATCH(AG$11&$AB24,$Z$12:$Z$1468,0)>0,$AB24,""),"") | AH24: =IFERROR(IF(MATCH(AH$11&$AB24,$Z$12:$Z$1468,0)>0,$AB24,""),"") | AI24: =IFERROR(IF(MATCH(AI$11&$AB24,$Z$12:$Z$1468,0)>0,$AB24,""),"") | AJ24: =IFERROR(IF(MATCH(AJ$11&$AB24,$Z$12:$Z$1468,0)>0,$AB24,""),"") | ... BQ24: =IFERROR(IF(MATCH(BQ$11&$AB24,$Z$12:$Z$1468,0)>0,$AB24,""),"") | BU24: Banten | BV24: Kab. Lebak | BW24: 42355 | BX24: -6.5835949 | BY24: 105.98174 | BZ24: 279.05449
A25: =B25&C25 -> Kab. Lebak42356 | B25: Kab. Lebak | C25: 42356 | D25: 263.88719 | E25: 256.0528 | F25: 1455000 | G25: 1455000 | H25: 785000 | I25: 1455000 | K25: Banten | L25: Kab. Lebak | M25: 42356 | N25: 119.33202 | O25: 136.63478 | P25: 785000 | Q25: 785000 | X25: Kota Cimahi | Y25: 40511 | Z25: =X25&Y25 -> Kota Cimahi40511 | AA25: Kab. Bogor | AB25: 10270 | AC25: =IFERROR(IF(MATCH(AC$11&$AB25,$Z$12:$Z$1468,0)>0,$AB25,""),"") | AD25: =IFERROR(IF(MATCH(AD$11&$AB25,$Z$12:$Z$1468,0)>0,$AB25,""),"") | AE25: =IFERROR(IF(MATCH(AE$11&$AB25,$Z$12:$Z$1468,0)>0,$AB25,""),"") | AF25: =IFERROR(IF(MATCH(AF$11&$AB25,$Z$12:$Z$1468,0)>0,$AB25,""),"") | AG25: =IFERROR(IF(MATCH(AG$11&$AB25,$Z$12:$Z$1468,0)>0,$AB25,""),"") | AH25: =IFERROR(IF(MATCH(AH$11&$AB25,$Z$12:$Z$1468,0)>0,$AB25,""),"") | AI25: =IFERROR(IF(MATCH(AI$11&$AB25,$Z$12:$Z$1468,0)>0,$AB25,""),"") | AJ25: =IFERROR(IF(MATCH(AJ$11&$AB25,$Z$12:$Z$1468,0)>0,$AB25,""),"") | ... BQ25: =IFERROR(IF(MATCH(BQ$11&$AB25,$Z$12:$Z$1468,0)>0,$AB25,""),"") | BU25: Banten | BV25: Kab. Lebak | BW25: 42356 | BX25: -6.3929032 | BY25: 106.14633 | BZ25: 263.553
A26: =B26&C26 -> Kab. Lebak42357 | B26: Kab. Lebak | C26: 42357 | D26: 256.4185 | E26: 248.9363 | F26: 1420000 | G26: 1420000 | H26: 730000 | I26: 1420000 | K26: Banten | L26: Kab. Lebak | M26: 42357 | N26: 108.7982 | O26: 122.44764 | P26: 730000 | Q26: 730000 | X26: Kota Cimahi | Y26: 40526 | Z26: =X26&Y26 -> Kota Cimahi40526 | AA26: Kab. Sukabumi | AB26: 10310 | AC26: =IFERROR(IF(MATCH(AC$11&$AB26,$Z$12:$Z$1468,0)>0,$AB26,""),"") | AD26: =IFERROR(IF(MATCH(AD$11&$AB26,$Z$12:$Z$1468,0)>0,$AB26,""),"") | AE26: =IFERROR(IF(MATCH(AE$11&$AB26,$Z$12:$Z$1468,0)>0,$AB26,""),"") | AF26: =IFERROR(IF(MATCH(AF$11&$AB26,$Z$12:$Z$1468,0)>0,$AB26,""),"") | AG26: =IFERROR(IF(MATCH(AG$11&$AB26,$Z$12:$Z$1468,0)>0,$AB26,""),"") | AH26: =IFERROR(IF(MATCH(AH$11&$AB26,$Z$12:$Z$1468,0)>0,$AB26,""),"") | AI26: =IFERROR(IF(MATCH(AI$11&$AB26,$Z$12:$Z$1468,0)>0,$AB26,""),"") | AJ26: =IFERROR(IF(MATCH(AJ$11&$AB26,$Z$12:$Z$1468,0)>0,$AB26,""),"") | ... BQ26: =IFERROR(IF(MATCH(BQ$11&$AB26,$Z$12:$Z$1468,0)>0,$AB26,""),"") | BU26: Banten | BV26: Kab. Lebak | BW26: 42357 | BX26: -6.3236996 | BY26: 106.2228 | BZ26: 256.88557
A27: =B27&C27 -> Kab. Lebak42361 | B27: Kab. Lebak | C27: 42361 | D27: 247.16615 | E27: 239.1971 | F27: 1375000 | G27: 1375000 | H27: 710000 | I27: 1375000 | K27: Banten | L27: Kab. Lebak | M27: 42361 | N27: 104.9458 | O27: 126.01829 | P27: 710000 | Q27: 710000 | X27: Kota Bandung | Y27: 40614 | Z27: =X27&Y27 -> Kota Bandung40614 | AA27: Kab. Ciamis | AB27: 10320 | AC27: =IFERROR(IF(MATCH(AC$11&$AB27,$Z$12:$Z$1468,0)>0,$AB27,""),"") | AD27: =IFERROR(IF(MATCH(AD$11&$AB27,$Z$12:$Z$1468,0)>0,$AB27,""),"") | AE27: =IFERROR(IF(MATCH(AE$11&$AB27,$Z$12:$Z$1468,0)>0,$AB27,""),"") | AF27: =IFERROR(IF(MATCH(AF$11&$AB27,$Z$12:$Z$1468,0)>0,$AB27,""),"") | AG27: =IFERROR(IF(MATCH(AG$11&$AB27,$Z$12:$Z$1468,0)>0,$AB27,""),"") | AH27: =IFERROR(IF(MATCH(AH$11&$AB27,$Z$12:$Z$1468,0)>0,$AB27,""),"") | AI27: =IFERROR(IF(MATCH(AI$11&$AB27,$Z$12:$Z$1468,0)>0,$AB27,""),"") | AJ27: =IFERROR(IF(MATCH(AJ$11&$AB27,$Z$12:$Z$1468,0)>0,$AB27,""),"") | ... BQ27: =IFERROR(IF(MATCH(BQ$11&$AB27,$Z$12:$Z$1468,0)>0,$AB27,""),"") | BU27: Banten | BV27: Kab. Lebak | BW27: 42361 | BX27: -6.4622218 | BY27: 106.22868 | BZ27: 246.5228
A28: =B28&C28 -> Kab. Lebak42362 | B28: Kab. Lebak | C28: 42362 | D28: 243.103 | E28: 234.85344 | F28: 1355000 | G28: 1355000 | H28: 715000 | I28: 1355000 | K28: Banten | L28: Kab. Lebak | M28: 42362 | N28: 105.60456 | O28: 130.59335 | P28: 715000 | Q28: 715000 | X28: Kota Bandung | Y28: 40295 | Z28: =X28&Y28 -> Kota Bandung40295 | AA28: Kota Tasikmalaya | AB28: 10330 | AC28: =IFERROR(IF(MATCH(AC$11&$AB28,$Z$12:$Z$1468,0)>0,$AB28,""),"") | AD28: =IFERROR(IF(MATCH(AD$11&$AB28,$Z$12:$Z$1468,0)>0,$AB28,""),"") | AE28: =IFERROR(IF(MATCH(AE$11&$AB28,$Z$12:$Z$1468,0)>0,$AB28,""),"") | AF28: =IFERROR(IF(MATCH(AF$11&$AB28,$Z$12:$Z$1468,0)>0,$AB28,""),"") | AG28: =IFERROR(IF(MATCH(AG$11&$AB28,$Z$12:$Z$1468,0)>0,$AB28,""),"") | AH28: =IFERROR(IF(MATCH(AH$11&$AB28,$Z$12:$Z$1468,0)>0,$AB28,""),"") | AI28: =IFERROR(IF(MATCH(AI$11&$AB28,$Z$12:$Z$1468,0)>0,$AB28,""),"") | AJ28: =IFERROR(IF(MATCH(AJ$11&$AB28,$Z$12:$Z$1468,0)>0,$AB28,""),"") | ... BQ28: =IFERROR(IF(MATCH(BQ$11&$AB28,$Z$12:$Z$1468,0)>0,$AB28,""),"") | BU28: Banten | BV28: Kab. Lebak | BW28: 42362 | BX28: -6.5445698 | BY28: 106.22868 | BZ28: 241.75202
A29: =B29&C29 -> Kab. Lebak42363 | B29: Kab. Lebak | C29: 42363 | D29: 254.89297 | E29: 246.30795 | F29: 1410000 | G29: 1410000 | H29: 805000 | I29: 1410000 | K29: Banten | L29: Kab. Lebak | M29: 42363 | N29: 123.33538 | O29: 150.61584 | P29: 805000 | Q29: 805000 | X29: Kota Bandung | Y29: 40292 | Z29: =X29&Y29 -> Kota Bandung40292 | AA29: Kab. Bekasi | AB29: 10340 | AC29: =IFERROR(IF(MATCH(AC$11&$AB29,$Z$12:$Z$1468,0)>0,$AB29,""),"") | AD29: =IFERROR(IF(MATCH(AD$11&$AB29,$Z$12:$Z$1468,0)>0,$AB29,""),"") | AE29: =IFERROR(IF(MATCH(AE$11&$AB29,$Z$12:$Z$1468,0)>0,$AB29,""),"") | AF29: =IFERROR(IF(MATCH(AF$11&$AB29,$Z$12:$Z$1468,0)>0,$AB29,""),"") | AG29: =IFERROR(IF(MATCH(AG$11&$AB29,$Z$12:$Z$1468,0)>0,$AB29,""),"") | AH29: =IFERROR(IF(MATCH(AH$11&$AB29,$Z$12:$Z$1468,0)>0,$AB29,""),"") | AI29: =IFERROR(IF(MATCH(AI$11&$AB29,$Z$12:$Z$1468,0)>0,$AB29,""),"") | AJ29: =IFERROR(IF(MATCH(AJ$11&$AB29,$Z$12:$Z$1468,0)>0,$AB29,""),"") | ... BQ29: =IFERROR(IF(MATCH(BQ$11&$AB29,$Z$12:$Z$1468,0)>0,$AB29,""),"") | BU29: Banten | BV29: Kab. Lebak | BW29: 42363 | BX29: -6.63016 | BY29: 106.13457 | BZ29: 252.59
A30: =B30&C30 -> Kab. Lebak42364 | B30: Kab. Lebak | C30: 42364 | D30: 233.34223 | E30: 225.12287 | F30: 1305000 | G30: 1305000 | H30: 670000 | I30: 1305000 | K30: Banten | L30: Kab. Lebak | M30: 42364 | N30: 96.106192 | O30: 122.20564 | P30: 670000 | Q30: 670000 | X30: Kota Bandung | Y30: 40613 | Z30: =X30&Y30 -> Kota Bandung40613 | AA30: Kota Sukabumi | AB30: 10350 | AC30: =IFERROR(IF(MATCH(AC$11&$AB30,$Z$12:$Z$1468,0)>0,$AB30,""),"") | AD30: =IFERROR(IF(MATCH(AD$11&$AB30,$Z$12:$Z$1468,0)>0,$AB30,""),"") | AE30: =IFERROR(IF(MATCH(AE$11&$AB30,$Z$12:$Z$1468,0)>0,$AB30,""),"") | AF30: =IFERROR(IF(MATCH(AF$11&$AB30,$Z$12:$Z$1468,0)>0,$AB30,""),"") | AG30: =IFERROR(IF(MATCH(AG$11&$AB30,$Z$12:$Z$1468,0)>0,$AB30,""),"") | AH30: =IFERROR(IF(MATCH(AH$11&$AB30,$Z$12:$Z$1468,0)>0,$AB30,""),"") | AI30: =IFERROR(IF(MATCH(AI$11&$AB30,$Z$12:$Z$1468,0)>0,$AB30,""),"") | AJ30: =IFERROR(IF(MATCH(AJ$11&$AB30,$Z$12:$Z$1468,0)>0,$AB30,""),"") | ... BQ30: =IFERROR(IF(MATCH(BQ$11&$AB30,$Z$12:$Z$1468,0)>0,$AB30,""),"") | BU30: Banten | BV30: Kab. Lebak | BW30: 42364 | BX30: -6.5529254 | BY30: 106.28752 | BZ30: 232.08018
A31: =B31&C31 -> Kab. Lebak42371 | B31: Kab. Lebak | C31: 42371 | D31: 230.22013 | E31: 222.3659 | F31: 1290000 | G31: 1290000 | H31: 625000 | I31: 1290000 | K31: Banten | L31: Kab. Lebak | M31: 42371 | N31: 87.377519 | O31: 109.683 | P31: 625000 | Q31: 625000 | X31: Kota Bandung | Y31: 40296 | Z31: =X31&Y31 -> Kota Bandung40296 | AA31: Kab. Kuningan | AB31: 10410 | AC31: =IFERROR(IF(MATCH(AC$11&$AB31,$Z$12:$Z$1468,0)>0,$AB31,""),"") | AD31: =IFERROR(IF(MATCH(AD$11&$AB31,$Z$12:$Z$1468,0)>0,$AB31,""),"") | AE31: =IFERROR(IF(MATCH(AE$11&$AB31,$Z$12:$Z$1468,0)>0,$AB31,""),"") | AF31: =IFERROR(IF(MATCH(AF$11&$AB31,$Z$12:$Z$1468,0)>0,$AB31,""),"") | AG31: =IFERROR(IF(MATCH(AG$11&$AB31,$Z$12:$Z$1468,0)>0,$AB31,""),"") | AH31: =IFERROR(IF(MATCH(AH$11&$AB31,$Z$12:$Z$1468,0)>0,$AB31,""),"") | AI31: =IFERROR(IF(MATCH(AI$11&$AB31,$Z$12:$Z$1468,0)>0,$AB31,""),"") | AJ31: =IFERROR(IF(MATCH(AJ$11&$AB31,$Z$12:$Z$1468,0)>0,$AB31,""),"") | ... BQ31: =IFERROR(IF(MATCH(BQ$11&$AB31,$Z$12:$Z$1468,0)>0,$AB31,""),"") | BU31: Banten | BV31: Kab. Lebak | BW31: 42371 | BX31: -6.4690448 | BY31: 106.33461 | BZ31: 229.86767
A32: =B32&C32 -> Kab. Lebak42372 | B32: Kab. Lebak | C32: 42372 | D32: 218.92389 | E32: 210.69061 | F32: 1230000 | G32: 1230000 | H32: 605000 | I32: 1230000 | K32: Banten | L32: Kab. Lebak | M32: 42372 | N32: 83.491885 | O32: 112.20244 | P32: 605000 | Q32: 605000 | X32: Kota Bandung | Y32: 40612 | Z32: =X32&Y32 -> Kota Bandung40612 | AA32: Kab. Cirebon | AB32: 10420 | AC32: =IFERROR(IF(MATCH(AC$11&$AB32,$Z$12:$Z$1468,0)>0,$AB32,""),"") | AD32: =IFERROR(IF(MATCH(AD$11&$AB32,$Z$12:$Z$1468,0)>0,$AB32,""),"") | AE32: =IFERROR(IF(MATCH(AE$11&$AB32,$Z$12:$Z$1468,0)>0,$AB32,""),"") | AF32: =IFERROR(IF(MATCH(AF$11&$AB32,$Z$12:$Z$1468,0)>0,$AB32,""),"") | AG32: =IFERROR(IF(MATCH(AG$11&$AB32,$Z$12:$Z$1468,0)>0,$AB32,""),"") | AH32: =IFERROR(IF(MATCH(AH$11&$AB32,$Z$12:$Z$1468,0)>0,$AB32,""),"") | AI32: =IFERROR(IF(MATCH(AI$11&$AB32,$Z$12:$Z$1468,0)>0,$AB32,""),"") | AJ32: =IFERROR(IF(MATCH(AJ$11&$AB32,$Z$12:$Z$1468,0)>0,$AB32,""),"") | ... BQ32: =IFERROR(IF(MATCH(BQ$11&$AB32,$Z$12:$Z$1468,0)>0,$AB32,""),"") | BU32: Banten | BV32: Kab. Lebak | BW32: 42372 | BX32: -6.5810815 | BY32: 106.36993 | BZ32: 217.64084
A33: =B33&C33 -> Kab. Lebak42381 | B33: Kab. Lebak | C33: 42381 | D33: 230.62056 | E33: 223.19589 | F33: 1290000 | G33: 1290000 | H33: 605000 | I33: 1290000 | K33: Banten | L33: Kab. Lebak | M33: 42381 | N33: 83.128826 | O33: 99.714709 | P33: 605000 | Q33: 605000 | X33: Kota Bandung | Y33: 40615 | Z33: =X33&Y33 -> Kota Bandung40615 | AA33: Kota Bogor | AB33: 10430 | AC33: =IFERROR(IF(MATCH(AC$11&$AB33,$Z$12:$Z$1468,0)>0,$AB33,""),"") | AD33: =IFERROR(IF(MATCH(AD$11&$AB33,$Z$12:$Z$1468,0)>0,$AB33,""),"") | AE33: =IFERROR(IF(MATCH(AE$11&$AB33,$Z$12:$Z$1468,0)>0,$AB33,""),"") | AF33: =IFERROR(IF(MATCH(AF$11&$AB33,$Z$12:$Z$1468,0)>0,$AB33,""),"") | AG33: =IFERROR(IF(MATCH(AG$11&$AB33,$Z$12:$Z$1468,0)>0,$AB33,""),"") | AH33: =IFERROR(IF(MATCH(AH$11&$AB33,$Z$12:$Z$1468,0)>0,$AB33,""),"") | AI33: =IFERROR(IF(MATCH(AI$11&$AB33,$Z$12:$Z$1468,0)>0,$AB33,""),"") | AJ33: =IFERROR(IF(MATCH(AJ$11&$AB33,$Z$12:$Z$1468,0)>0,$AB33,""),"") | ... BQ33: =IFERROR(IF(MATCH(BQ$11&$AB33,$Z$12:$Z$1468,0)>0,$AB33,""),"") | BU33: Banten | BV33: Kab. Lebak | BW33: 42381 | BX33: -6.3754256 | BY33: 106.36993 | BZ33: 231.23243
... A52: =B52&C52 -> Kab. Pandeglang42261 | B52: Kab. Pandeglang | C52: 42261 | D52: 295.16655 | E52: 287.4394 | F52: 1615000 | G52: 1615000 | H52: 930000 | I52: 1615000 | K52: Banten | L52: Kab. Pandeglang | M52: 42261 | N52: 148.84995 | O52: 161.94461 | P52: 930000 | Q52: 930000 | X52: Kota Bandung | Y52: 40267 | Z52: =X52&Y52 -> Kota Bandung40267 | AA52: Kota Cilegon | AB52: 10740 | AC52: =IFERROR(IF(MATCH(AC$11&$AB52,$Z$12:$Z$1468,0)>0,$AB52,""),"") | AD52: =IFERROR(IF(MATCH(AD$11&$AB52,$Z$12:$Z$1468,0)>0,$AB52,""),"") | AE52: =IFERROR(IF(MATCH(AE$11&$AB52,$Z$12:$Z$1468,0)>0,$AB52,""),"") | AF52: =IFERROR(IF(MATCH(AF$11&$AB52,$Z$12:$Z$1468,0)>0,$AB52,""),"") | AG52: =IFERROR(IF(MATCH(AG$11&$AB52,$Z$12:$Z$1468,0)>0,$AB52,""),"") | AH52: =IFERROR(IF(MATCH(AH$11&$AB52,$Z$12:$Z$1468,0)>0,$AB52,""),"") | AI52: =IFERROR(IF(MATCH(AI$11&$AB52,$Z$12:$Z$1468,0)>0,$AB52,""),"") | AJ52: =IFERROR(IF(MATCH(AJ$11&$AB52,$Z$12:$Z$1468,0)>0,$AB52,""),"") | ... BQ52: =IFERROR(IF(MATCH(BQ$11&$AB52,$Z$12:$Z$1468,0)>0,$AB52,""),"") | BU52: Banten | BV52: Kab. Pandeglang | BW52: 42261 | BX52: -6.295369 | BY52: 105.98174 | BZ52: 295.06142
A53: =B53&C53 -> Kab. Pandeglang42262 | B53: Kab. Pandeglang | C53: 42262 | D53: 299.49867 | E53: 291.51119 | F53: 1635000 | G53: 1635000 | H53: 965000 | I53: 1635000 | K53: Banten | L53: Kab. Pandeglang | M53: 42262 | N53: 155.69812 | O53: 171.61222 | P53: 965000 | Q53: 965000 | X53: Kota Bandung | Y53: 40266 | Z53: =X53&Y53 -> Kota Bandung40266 | AB53: 10750 | AC53: =IFERROR(IF(MATCH(AC$11&$AB53,$Z$12:$Z$1468,0)>0,$AB53,""),"") | AD53: =IFERROR(IF(MATCH(AD$11&$AB53,$Z$12:$Z$1468,0)>0,$AB53,""),"") | AE53: =IFERROR(IF(MATCH(AE$11&$AB53,$Z$12:$Z$1468,0)>0,$AB53,""),"") | AF53: =IFERROR(IF(MATCH(AF$11&$AB53,$Z$12:$Z$1468,0)>0,$AB53,""),"") | AG53: =IFERROR(IF(MATCH(AG$11&$AB53,$Z$12:$Z$1468,0)>0,$AB53,""),"") | AH53: =IFERROR(IF(MATCH(AH$11&$AB53,$Z$12:$Z$1468,0)>0,$AB53,""),"") | AI53: =IFERROR(IF(MATCH(AI$11&$AB53,$Z$12:$Z$1468,0)>0,$AB53,""),"") | AJ53: =IFERROR(IF(MATCH(AJ$11&$AB53,$Z$12:$Z$1468,0)>0,$AB53,""),"") | ... BQ53: =IFERROR(IF(MATCH(BQ$11&$AB53,$Z$12:$Z$1468,0)>0,$AB53,""),"") | BU53: Banten | BV53: Kab. Pandeglang | BW53: 42262 | BX53: -6.3638216 | BY53: 105.92886 | BZ53: 298.77296
A54: =B54&C54 -> Kab. Pandeglang42263 | B54: Kab. Pandeglang | C54: 42263 | D54: 308.39769 | E54: 300.49649 | F54: 1680000 | G54: 1680000 | H54: 1005000 | I54: 1680000 | K54: Banten | L54: Kab. Pandeglang | M54: 42263 | N54: 163.48394 | O54: 177.72796 | P54: 1005000 | Q54: 1005000 | X54: Kota Bandung | Y54: 40192 | Z54: =X54&Y54 -> Kota Bandung40192 | AB54: 11110 | AC54: =IFERROR(IF(MATCH(AC$11&$AB54,$Z$12:$Z$1468,0)>0,$AB54,""),"") | AD54: =IFERROR(IF(MATCH(AD$11&$AB54,$Z$12:$Z$1468,0)>0,$AB54,""),"") | AE54: =IFERROR(IF(MATCH(AE$11&$AB54,$Z$12:$Z$1468,0)>0,$AB54,""),"") | AF54: =IFERROR(IF(MATCH(AF$11&$AB54,$Z$12:$Z$1468,0)>0,$AB54,""),"") | AG54: =IFERROR(IF(MATCH(AG$11&$AB54,$Z$12:$Z$1468,0)>0,$AB54,""),"") | AH54: =IFERROR(IF(MATCH(AH$11&$AB54,$Z$12:$Z$1468,0)>0,$AB54,""),"") | AI54: =IFERROR(IF(MATCH(AI$11&$AB54,$Z$12:$Z$1468,0)>0,$AB54,""),"") | AJ54: =IFERROR(IF(MATCH(AJ$11&$AB54,$Z$12:$Z$1468,0)>0,$AB54,""),"") | ... BQ54: =IFERROR(IF(MATCH(BQ$11&$AB54,$Z$12:$Z$1468,0)>0,$AB54,""),"") | BU54: Banten | BV54: Kab. Pandeglang | BW54: 42263 | BX54: -6.318846 | BY54: 105.88775 | BZ54: 307.87637
A55: =B55&C55 -> Kab. Pandeglang42264 | B55: Kab. Pandeglang | C55: 42264 | D55: 315.58305 | E55: 307.82896 | F55: 1715000 | G55: 1715000 | H55: 1035000 | I55: 1715000 | K55: Banten | L55: Kab. Pandeglang | M55: 42264 | N55: 169.19632 | O55: 181.2343 | P55: 1035000 | Q55: 1035000 | X55: Kota Bandung | Y55: 40272 | Z55: =X55&Y55 -> Kota Bandung40272 | AB55: 11120 | AC55: =IFERROR(IF(MATCH(AC$11&$AB55,$Z$12:$Z$1468,0)>0,$AB55,""),"") | AD55: =IFERROR(IF(MATCH(AD$11&$AB55,$Z$12:$Z$1468,0)>0,$AB55,""),"") | AE55: =IFERROR(IF(MATCH(AE$11&$AB55,$Z$12:$Z$1468,0)>0,$AB55,""),"") | AF55: =IFERROR(IF(MATCH(AF$11&$AB55,$Z$12:$Z$1468,0)>0,$AB55,""),"") | AG55: =IFERROR(IF(MATCH(AG$11&$AB55,$Z$12:$Z$1468,0)>0,$AB55,""),"") | AH55: =IFERROR(IF(MATCH(AH$11&$AB55,$Z$12:$Z$1468,0)>0,$AB55,""),"") | AI55: =IFERROR(IF(MATCH(AI$11&$AB55,$Z$12:$Z$1468,0)>0,$AB55,""),"") | AJ55: =IFERROR(IF(MATCH(AJ$11&$AB55,$Z$12:$Z$1468,0)>0,$AB55,""),"") | ... BQ55: =IFERROR(IF(MATCH(BQ$11&$AB55,$Z$12:$Z$1468,0)>0,$AB55,""),"") | BU55: Banten | BV55: Kab. Pandeglang | BW55: 42264 | BX55: -6.2579364 | BY55: 105.86426 | BZ55: 315.40468
A56: =B56&C56 -> Kab. Pandeglang42265 | B56: Kab. Pandeglang | C56: 42265 | D56: 306.33624 | E56: 297.98636 | F56: 1670000 | G56: 1670000 | H56: 1025000 | I56: 1670000 | K56: Banten | L56: Kab. Pandeglang | M56: 42265 | N56: 167.2714 | O56: 187.02934 | P56: 1025000 | Q56: 1025000 | X56: Kota Bandung | Y56: 40193 | Z56: =X56&Y56 -> Kota Bandung40193 | AB56: 11130 | AC56: =IFERROR(IF(MATCH(AC$11&$AB56,$Z$12:$Z$1468,0)>0,$AB56,""),"") | AD56: =IFERROR(IF(MATCH(AD$11&$AB56,$Z$12:$Z$1468,0)>0,$AB56,""),"") | AE56: =IFERROR(IF(MATCH(AE$11&$AB56,$Z$12:$Z$1468,0)>0,$AB56,""),"") | AF56: =IFERROR(IF(MATCH(AF$11&$AB56,$Z$12:$Z$1468,0)>0,$AB56,""),"") | AG56: =IFERROR(IF(MATCH(AG$11&$AB56,$Z$12:$Z$1468,0)>0,$AB56,""),"") | AH56: =IFERROR(IF(MATCH(AH$11&$AB56,$Z$12:$Z$1468,0)>0,$AB56,""),"") | AI56: =IFERROR(IF(MATCH(AI$11&$AB56,$Z$12:$Z$1468,0)>0,$AB56,""),"") | AJ56: =IFERROR(IF(MATCH(AJ$11&$AB56,$Z$12:$Z$1468,0)>0,$AB56,""),"") | ... BQ56: =IFERROR(IF(MATCH(BQ$11&$AB56,$Z$12:$Z$1468,0)>0,$AB56,""),"") | BU56: Banten | BV56: Kab. Pandeglang | BW56: 42265 | BX56: -6.4743279 | BY56: 105.85252 | BZ56: 304.66801
A57: =B57&C57 -> Kab. Pandeglang42271 | B57: Kab. Pandeglang | C57: 42271 | D57: 279.54575 | E57: 271.65509 | F57: 1535000 | G57: 1535000 | H57: 865000 | I57: 1535000 | K57: Banten | L57: Kab. Pandeglang | M57: 42271 | N57: 135.16015 | O57: 151.56462 | P57: 865000 | Q57: 865000 | X57: Kota Bandung | Y57: 40264 | Z57: =X57&Y57 -> Kota Bandung40264 | AB57: 11140 | AC57: =IFERROR(IF(MATCH(AC$11&$AB57,$Z$12:$Z$1468,0)>0,$AB57,""),"") | AD57: =IFERROR(IF(MATCH(AD$11&$AB57,$Z$12:$Z$1468,0)>0,$AB57,""),"") | AE57: =IFERROR(IF(MATCH(AE$11&$AB57,$Z$12:$Z$1468,0)>0,$AB57,""),"") | AF57: =IFERROR(IF(MATCH(AF$11&$AB57,$Z$12:$Z$1468,0)>0,$AB57,""),"") | AG57: =IFERROR(IF(MATCH(AG$11&$AB57,$Z$12:$Z$1468,0)>0,$AB57,""),"") | AH57: =IFERROR(IF(MATCH(AH$11&$AB57,$Z$12:$Z$1468,0)>0,$AB57,""),"") | AI57: =IFERROR(IF(MATCH(AI$11&$AB57,$Z$12:$Z$1468,0)>0,$AB57,""),"") | AJ57: =IFERROR(IF(MATCH(AJ$11&$AB57,$Z$12:$Z$1468,0)>0,$AB57,""),"") | ... BQ57: =IFERROR(IF(MATCH(BQ$11&$AB57,$Z$12:$Z$1468,0)>0,$AB57,""),"") | BU57: Banten | BV57: Kab. Pandeglang | BW57: 42271 | BX57: -6.3753451 | BY57: 106.05226 | BZ57: 279.06709
A58: =B58&C58 -> Kab. Pandeglang42272 | B58: Kab. Pandeglang | C58: 42272 | D58: 285.59241 | E58: 277.66334 | F58: 1565000 | G58: 1565000 | H58: 895000 | I58: 1565000 | K58: Banten | L58: Kab. Pandeglang | M58: 42272 | N58: 141.47465 | O58: 157.80621 | P58: 895000 | Q58: 895000 | X58: Kota Bandung | Y58: 40618 | Z58: =X58&Y58 -> Kota Bandung40618 | AB58: 11150 | AC58: =IFERROR(IF(MATCH(AC$11&$AB58,$Z$12:$Z$1468,0)>0,$AB58,""),"") | AD58: =IFERROR(IF(MATCH(AD$11&$AB58,$Z$12:$Z$1468,0)>0,$AB58,""),"") | AE58: =IFERROR(IF(MATCH(AE$11&$AB58,$Z$12:$Z$1468,0)>0,$AB58,""),"") | AF58: =IFERROR(IF(MATCH(AF$11&$AB58,$Z$12:$Z$1468,0)>0,$AB58,""),"") | AG58: =IFERROR(IF(MATCH(AG$11&$AB58,$Z$12:$Z$1468,0)>0,$AB58,""),"") | AH58: =IFERROR(IF(MATCH(AH$11&$AB58,$Z$12:$Z$1468,0)>0,$AB58,""),"") | AI58: =IFERROR(IF(MATCH(AI$11&$AB58,$Z$12:$Z$1468,0)>0,$AB58,""),"") | AJ58: =IFERROR(IF(MATCH(AJ$11&$AB58,$Z$12:$Z$1468,0)>0,$AB58,""),"") | ... BQ58: =IFERROR(IF(MATCH(BQ$11&$AB58,$Z$12:$Z$1468,0)>0,$AB58,""),"") | BU58: Banten | BV58: Kab. Pandeglang | BW58: 42272 | BX58: -6.3739864 | BY58: 106.01406 | BZ58: 285.0175
A59: =B59&C59 -> Kab. Pandeglang42273 | B59: Kab. Pandeglang | C59: 42273 | D59: 293.03958 | E59: 284.98004 | F59: 1605000 | G59: 1605000 | H59: 940000 | I59: 1605000 | K59: Banten | L59: Kab. Pandeglang | M59: 42273 | N59: 150.26669 | O59: 167.55598 | P59: 940000 | Q59: 940000 | X59: Kota Bandung | Y59: 40125 | Z59: =X59&Y59 -> Kota Bandung40125 | AB59: 11160 | AC59: =IFERROR(IF(MATCH(AC$11&$AB59,$Z$12:$Z$1468,0)>0,$AB59,""),"") | AD59: =IFERROR(IF(MATCH(AD$11&$AB59,$Z$12:$Z$1468,0)>0,$AB59,""),"") | AE59: =IFERROR(IF(MATCH(AE$11&$AB59,$Z$12:$Z$1468,0)>0,$AB59,""),"") | AF59: =IFERROR(IF(MATCH(AF$11&$AB59,$Z$12:$Z$1468,0)>0,$AB59,""),"") | AG59: =IFERROR(IF(MATCH(AG$11&$AB59,$Z$12:$Z$1468,0)>0,$AB59,""),"") | AH59: =IFERROR(IF(MATCH(AH$11&$AB59,$Z$12:$Z$1468,0)>0,$AB59,""),"") | AI59: =IFERROR(IF(MATCH(AI$11&$AB59,$Z$12:$Z$1468,0)>0,$AB59,""),"") | AJ59: =IFERROR(IF(MATCH(AJ$11&$AB59,$Z$12:$Z$1468,0)>0,$AB59,""),"") | ... BQ59: =IFERROR(IF(MATCH(BQ$11&$AB59,$Z$12:$Z$1468,0)>0,$AB59,""),"") | BU59: Banten | BV59: Kab. Pandeglang | BW59: 42273 | BX59: -6.3988946 | BY59: 105.95824 | BZ59: 292.13917
A60: =B60&C60 -> Kab. Pandeglang42274 | B60: Kab. Pandeglang | C60: 42274 | D60: 286.33086 | E60: 278.11814 | F60: 1570000 | G60: 1570000 | H60: 915000 | I60: 1570000 | K60: Banten | L60: Kab. Pandeglang | M60: 42274 | N60: 145.8729 | O60: 165.58044 | P60: 915000 | Q60: 915000 | X60: Kota Bandung | Y60: 40263 | Z60: =X60&Y60 -> Kota Bandung40263 | AB60: 11170 | AC60: =IFERROR(IF(MATCH(AC$11&$AB60,$Z$12:$Z$1468,0)>0,$AB60,""),"") | AD60: =IFERROR(IF(MATCH(AD$11&$AB60,$Z$12:$Z$1468,0)>0,$AB60,""),"") | AE60: =IFERROR(IF(MATCH(AE$11&$AB60,$Z$12:$Z$1468,0)>0,$AB60,""),"") | AF60: =IFERROR(IF(MATCH(AF$11&$AB60,$Z$12:$Z$1468,0)>0,$AB60,""),"") | AG60: =IFERROR(IF(MATCH(AG$11&$AB60,$Z$12:$Z$1468,0)>0,$AB60,""),"") | AH60: =IFERROR(IF(MATCH(AH$11&$AB60,$Z$12:$Z$1468,0)>0,$AB60,""),"") | AI60: =IFERROR(IF(MATCH(AI$11&$AB60,$Z$12:$Z$1468,0)>0,$AB60,""),"") | AJ60: =IFERROR(IF(MATCH(AJ$11&$AB60,$Z$12:$Z$1468,0)>0,$AB60,""),"") | ... BQ60: =IFERROR(IF(MATCH(BQ$11&$AB60,$Z$12:$Z$1468,0)>0,$AB60,""),"") | BU60: Banten | BV60: Kab. Pandeglang | BW60: 42274 | BX60: -6.4599022 | BY60: 105.98174 | BZ60: 285.04264
A61: =B61&C61 -> Kab. Pandeglang42275 | B61: Kab. Pandeglang | C61: 42275 | D61: 292.83754 | E61: 284.52628 | F61: 1600000 | G61: 1600000 | H61: 955000 | I61: 1600000 | K61: Banten | L61: Kab. Pandeglang | M61: 42275 | N61: 153.6511 | O61: 173.98887 | P61: 955000 | Q61: 955000 | X61: Kota Bandung | Y61: 40265 | Z61: =X61&Y61 -> Kota Bandung40265 | AB61: 11180 | AC61: =IFERROR(IF(MATCH(AC$11&$AB61,$Z$12:$Z$1468,0)>0,$AB61,""),"") | AD61: =IFERROR(IF(MATCH(AD$11&$AB61,$Z$12:$Z$1468,0)>0,$AB61,""),"") | AE61: =IFERROR(IF(MATCH(AE$11&$AB61,$Z$12:$Z$1468,0)>0,$AB61,""),"") | AF61: =IFERROR(IF(MATCH(AF$11&$AB61,$Z$12:$Z$1468,0)>0,$AB61,""),"") | AG61: =IFERROR(IF(MATCH(AG$11&$AB61,$Z$12:$Z$1468,0)>0,$AB61,""),"") | AH61: =IFERROR(IF(MATCH(AH$11&$AB61,$Z$12:$Z$1468,0)>0,$AB61,""),"") | AI61: =IFERROR(IF(MATCH(AI$11&$AB61,$Z$12:$Z$1468,0)>0,$AB61,""),"") | AJ61: =IFERROR(IF(MATCH(AJ$11&$AB61,$Z$12:$Z$1468,0)>0,$AB61,""),"") | ... BQ61: =IFERROR(IF(MATCH(BQ$11&$AB61,$Z$12:$Z$1468,0)>0,$AB61,""),"") | BU61: Banten | BV61: Kab. Pandeglang | BW61: 42275 | BX61: -6.4820077 | BY61: 105.93474 | BZ61: 291.28285
A62: =B62&C62 -> Kab. Pandeglang42276 | B62: Kab. Pandeglang | C62: 42276 | D62: 292.62378 | E62: 284.03022 | F62: 1600000 | G62: 1600000 | H62: 980000 | I62: 1600000 | K62: Banten | L62: Kab. Pandeglang | M62: 42276 | N62: 158.64765 | O62: 182.37893 | P62: 980000 | Q62: 980000 | X62: Kota Bandung | Y62: 40271 | Z62: =X62&Y62 -> Kota Bandung40271 | AB62: 11210 | AC62: =IFERROR(IF(MATCH(AC$11&$AB62,$Z$12:$Z$1468,0)>0,$AB62,""),"") | AD62: =IFERROR(IF(MATCH(AD$11&$AB62,$Z$12:$Z$1468,0)>0,$AB62,""),"") | AE62: =IFERROR(IF(MATCH(AE$11&$AB62,$Z$12:$Z$1468,0)>0,$AB62,""),"") | AF62: =IFERROR(IF(MATCH(AF$11&$AB62,$Z$12:$Z$1468,0)>0,$AB62,""),"") | AG62: =IFERROR(IF(MATCH(AG$11&$AB62,$Z$12:$Z$1468,0)>0,$AB62,""),"") | AH62: =IFERROR(IF(MATCH(AH$11&$AB62,$Z$12:$Z$1468,0)>0,$AB62,""),"") | AI62: =IFERROR(IF(MATCH(AI$11&$AB62,$Z$12:$Z$1468,0)>0,$AB62,""),"") | AJ62: =IFERROR(IF(MATCH(AJ$11&$AB62,$Z$12:$Z$1468,0)>0,$AB62,""),"") | ... BQ62: =IFERROR(IF(MATCH(BQ$11&$AB62,$Z$12:$Z$1468,0)>0,$AB62,""),"") | BU62: Banten | BV62: Kab. Pandeglang | BW62: 42276 | BX62: -6.5858896 | BY62: 105.91124 | BZ62: 290.26582
A63: =B63&C63 -> Kab. Pandeglang42277 | B63: Kab. Pandeglang | C63: 42277 | D63: 303.35103 | E63: 294.66993 | F63: 1655000 | G63: 1655000 | H63: 1040000 | I63: 1655000 | K63: Banten | L63: Kab. Pandeglang | M63: 42277 | N63: 170.71065 | O63: 194.66575 | P63: 1040000 | Q63: 1040000 | X63: Kota Bandung | Y63: 40273 | Z63: =X63&Y63 -> Kota Bandung40273 | AB63: 11220 | AC63: =IFERROR(IF(MATCH(AC$11&$AB63,$Z$12:$Z$1468,0)>0,$AB63,""),"") | AD63: =IFERROR(IF(MATCH(AD$11&$AB63,$Z$12:$Z$1468,0)>0,$AB63,""),"") | AE63: =IFERROR(IF(MATCH(AE$11&$AB63,$Z$12:$Z$1468,0)>0,$AB63,""),"") | AF63: =IFERROR(IF(MATCH(AF$11&$AB63,$Z$12:$Z$1468,0)>0,$AB63,""),"") | AG63: =IFERROR(IF(MATCH(AG$11&$AB63,$Z$12:$Z$1468,0)>0,$AB63,""),"") | AH63: =IFERROR(IF(MATCH(AH$11&$AB63,$Z$12:$Z$1468,0)>0,$AB63,""),"") | AI63: =IFERROR(IF(MATCH(AI$11&$AB63,$Z$12:$Z$1468,0)>0,$AB63,""),"") | AJ63: =IFERROR(IF(MATCH(AJ$11&$AB63,$Z$12:$Z$1468,0)>0,$AB63,""),"") | ... BQ63: =IFERROR(IF(MATCH(BQ$11&$AB63,$Z$12:$Z$1468,0)>0,$AB63,""),"") | BU63: Banten | BV63: Kab. Pandeglang | BW63: 42277 | BX63: -6.6088273 | BY63: 105.84077 | BZ63: 300.71784
A64: =B64&C64 -> Kab. Pandeglang42280 | B64: Kab. Pandeglang | C64: 42280 | D64: 325.1381 | E64: 316.13221 | F64: 1765000 | G64: 1765000 | H64: 1185000 | I64: 1765000 | K64: Banten | L64: Kab. Pandeglang | M64: 42280 | N64: 199.81011 | O64: 226.34823 | P64: 1185000 | Q64: 1185000 | X64: Kota Bandung | Y64: 40121 | Z64: =X64&Y64 -> Kota Bandung40121 | AB64: 11230 | AC64: =IFERROR(IF(MATCH(AC$11&$AB64,$Z$12:$Z$1468,0)>0,$AB64,""),"") | AD64: =IFERROR(IF(MATCH(AD$11&$AB64,$Z$12:$Z$1468,0)>0,$AB64,""),"") | AE64: =IFERROR(IF(MATCH(AE$11&$AB64,$Z$12:$Z$1468,0)>0,$AB64,""),"") | AF64: =IFERROR(IF(MATCH(AF$11&$AB64,$Z$12:$Z$1468,0)>0,$AB64,""),"") | AG64: =IFERROR(IF(MATCH(AG$11&$AB64,$Z$12:$Z$1468,0)>0,$AB64,""),"") | AH64: =IFERROR(IF(MATCH(AH$11&$AB64,$Z$12:$Z$1468,0)>0,$AB64,""),"") | AI64: =IFERROR(IF(MATCH(AI$11&$AB64,$Z$12:$Z$1468,0)>0,$AB64,""),"") | AJ64: =IFERROR(IF(MATCH(AJ$11&$AB64,$Z$12:$Z$1468,0)>0,$AB64,""),"") | ... BQ64: =IFERROR(IF(MATCH(BQ$11&$AB64,$Z$12:$Z$1468,0)>0,$AB64,""),"") | BU64: Banten | BV64: Kab. Pandeglang | BW64: 42280 | BX64: -6.7482706 | BY64: 105.68818 | BZ64: 321.38479
... A98: =B98&C98 -> Kab. Serang42455 | B98: Kab. Serang | C98: 42455 | D98: 311.90027 | E98: 305.55917 | F98: 1695000 | G98: 1695000 | H98: 995000 | I98: 1695000 | K98: Banten | L98: Kab. Serang | M98: 42455 | N98: 161.51515 | O98: 157.58937 | P98: 995000 | Q98: 995000 | X98: Kota Bandung | Y98: 40227 | Z98: =X98&Y98 -> Kota Bandung40227 | AB98: 11820 | AC98: =IFERROR(IF(MATCH(AC$11&$AB98,$Z$12:$Z$1468,0)>0,$AB98,""),"") | AD98: =IFERROR(IF(MATCH(AD$11&$AB98,$Z$12:$Z$1468,0)>0,$AB98,""),"") | AE98: =IFERROR(IF(MATCH(AE$11&$AB98,$Z$12:$Z$1468,0)>0,$AB98,""),"") | AF98: =IFERROR(IF(MATCH(AF$11&$AB98,$Z$12:$Z$1468,0)>0,$AB98,""),"") | AG98: =IFERROR(IF(MATCH(AG$11&$AB98,$Z$12:$Z$1468,0)>0,$AB98,""),"") | AH98: =IFERROR(IF(MATCH(AH$11&$AB98,$Z$12:$Z$1468,0)>0,$AB98,""),"") | AI98: =IFERROR(IF(MATCH(AI$11&$AB98,$Z$12:$Z$1468,0)>0,$AB98,""),"") | AJ98: =IFERROR(IF(MATCH(AJ$11&$AB98,$Z$12:$Z$1468,0)>0,$AB98,""),"") | ... BQ98: =IFERROR(IF(MATCH(BQ$11&$AB98,$Z$12:$Z$1468,0)>0,$AB98,""),"") | BU98: Banten | BV98: Kab. Serang | BW98: 42455 | BX98: -5.908919 | BY98: 106.0699 | BZ98: 314.57201
A99: =B99&C99 -> Kab. Tangerang15157 | B99: Kab. Tangerang | C99: 15157 | D99: 196.12899 | E99: 190.4589 | F99: 1120000 | G99: 1120000 | H99: ZONE 1 | I99: 1120000 | K99: Banten | L99: Kab. Tangerang | M99: 15157 | N99: 50.154971 | O99: 41.586343 | P99: ZONE 1 | Q99: ZONE 1 | X99: Kota Bandung | Y99: 40135 | Z99: =X99&Y99 -> Kota Bandung40135 | AB99: 11830 | AC99: =IFERROR(IF(MATCH(AC$11&$AB99,$Z$12:$Z$1468,0)>0,$AB99,""),"") | AD99: =IFERROR(IF(MATCH(AD$11&$AB99,$Z$12:$Z$1468,0)>0,$AB99,""),"") | AE99: =IFERROR(IF(MATCH(AE$11&$AB99,$Z$12:$Z$1468,0)>0,$AB99,""),"") | AF99: =IFERROR(IF(MATCH(AF$11&$AB99,$Z$12:$Z$1468,0)>0,$AB99,""),"") | AG99: =IFERROR(IF(MATCH(AG$11&$AB99,$Z$12:$Z$1468,0)>0,$AB99,""),"") | AH99: =IFERROR(IF(MATCH(AH$11&$AB99,$Z$12:$Z$1468,0)>0,$AB99,""),"") | AI99: =IFERROR(IF(MATCH(AI$11&$AB99,$Z$12:$Z$1468,0)>0,$AB99,""),"") | AJ99: =IFERROR(IF(MATCH(AJ$11&$AB99,$Z$12:$Z$1468,0)>0,$AB99,""),"") | ... BQ99: =IFERROR(IF(MATCH(BQ$11&$AB99,$Z$12:$Z$1468,0)>0,$AB99,""),"") | BU99: Banten | BV99: Kab. Tangerang | BW99: 15157 | BX99: -6.2133673 | BY99: 106.70872 | BZ99: 199.99837
A100: =B100&C100 -> Kab. Tangerang15211 | B100: Kab. Tangerang | C100: 15211 | D100: 209.32649 | E100: 204.26888 | F100: 1185000 | G100: 1185000 | H100: ZONE 1 | I100: 1185000 | K100: Banten | L100: Kab. Tangerang | M100: 15211 | N100: 68.568676 | O100: 48.727942 | P100: ZONE 1 | Q100: ZONE 1 | X100: Kota Bandung | Y100: 40172 | Z100: =X100&Y100 -> Kota Bandung40172 | AB100: 11840 | AC100: =IFERROR(IF(MATCH(AC$11&$AB100,$Z$12:$Z$1468,0)>0,$AB100,""),"") | AD100: =IFERROR(IF(MATCH(AD$11&$AB100,$Z$12:$Z$1468,0)>0,$AB100,""),"") | AE100: =IFERROR(IF(MATCH(AE$11&$AB100,$Z$12:$Z$1468,0)>0,$AB100,""),"") | AF100: =IFERROR(IF(MATCH(AF$11&$AB100,$Z$12:$Z$1468,0)>0,$AB100,""),"") | AG100: =IFERROR(IF(MATCH(AG$11&$AB100,$Z$12:$Z$1468,0)>0,$AB100,""),"") | AH100: =IFERROR(IF(MATCH(AH$11&$AB100,$Z$12:$Z$1468,0)>0,$AB100,""),"") | AI100: =IFERROR(IF(MATCH(AI$11&$AB100,$Z$12:$Z$1468,0)>0,$AB100,""),"") | AJ100: =IFERROR(IF(MATCH(AJ$11&$AB100,$Z$12:$Z$1468,0)>0,$AB100,""),"") | ... BQ100: =IFERROR(IF(MATCH(BQ$11&$AB100,$Z$12:$Z$1468,0)>0,$AB100,""),"") | BU100: Banten | BV100: Kab. Tangerang | BW100: 15211 | BX100: -6.0908302 | BY100: 106.70872 | BZ100: 214.13201
A101: =B101&C101 -> Kab. Tangerang15212 | B101: Kab. Tangerang | C101: 15212 | D101: 213.57294 | E101: 208.35429 | F101: 1205000 | G101: 1205000 | H101: ZONE 1 | I101: 1205000 | K101: Banten | L101: Kab. Tangerang | M101: 15212 | N101: 70.781815 | O101: 53.691531 | P101: ZONE 1 | Q101: ZONE 1 | X101: Kota Bandung | Y101: 40131 | Z101: =X101&Y101 -> Kota Bandung40131 | AB101: 11850 | AC101: =IFERROR(IF(MATCH(AC$11&$AB101,$Z$12:$Z$1468,0)>0,$AB101,""),"") | AD101: =IFERROR(IF(MATCH(AD$11&$AB101,$Z$12:$Z$1468,0)>0,$AB101,""),"") | AE101: =IFERROR(IF(MATCH(AE$11&$AB101,$Z$12:$Z$1468,0)>0,$AB101,""),"") | AF101: =IFERROR(IF(MATCH(AF$11&$AB101,$Z$12:$Z$1468,0)>0,$AB101,""),"") | AG101: =IFERROR(IF(MATCH(AG$11&$AB101,$Z$12:$Z$1468,0)>0,$AB101,""),"") | AH101: =IFERROR(IF(MATCH(AH$11&$AB101,$Z$12:$Z$1468,0)>0,$AB101,""),"") | AI101: =IFERROR(IF(MATCH(AI$11&$AB101,$Z$12:$Z$1468,0)>0,$AB101,""),"") | AJ101: =IFERROR(IF(MATCH(AJ$11&$AB101,$Z$12:$Z$1468,0)>0,$AB101,""),"") | ... BQ101: =IFERROR(IF(MATCH(BQ$11&$AB101,$Z$12:$Z$1468,0)>0,$AB101,""),"") | BU101: Banten | BV101: Kab. Tangerang | BW101: 15212 | BX101: -6.0919495 | BY101: 106.67334 | BZ101: 218.13431
A102: =B102&C102 -> Kab. Tangerang15213 | B102: Kab. Tangerang | C102: 15213 | D102: 212.4501 | E102: 207.41034 | F102: 1200000 | G102: 1200000 | H102: ZONE 1 | I102: 1200000 | K102: Banten | L102: Kab. Tangerang | M102: 15213 | N102: 71.61095 | O102: 51.721459 | P102: ZONE 1 | Q102: ZONE 1 | X102: Kota Bandung | Y102: 40231 | Z102: =X102&Y102 -> Kota Bandung40231 | AB102: 12110 | AC102: =IFERROR(IF(MATCH(AC$11&$AB102,$Z$12:$Z$1468,0)>0,$AB102,""),"") | AD102: =IFERROR(IF(MATCH(AD$11&$AB102,$Z$12:$Z$1468,0)>0,$AB102,""),"") | AE102: =IFERROR(IF(MATCH(AE$11&$AB102,$Z$12:$Z$1468,0)>0,$AB102,""),"") | AF102: =IFERROR(IF(MATCH(AF$11&$AB102,$Z$12:$Z$1468,0)>0,$AB102,""),"") | AG102: =IFERROR(IF(MATCH(AG$11&$AB102,$Z$12:$Z$1468,0)>0,$AB102,""),"") | AH102: =IFERROR(IF(MATCH(AH$11&$AB102,$Z$12:$Z$1468,0)>0,$AB102,""),"") | AI102: =IFERROR(IF(MATCH(AI$11&$AB102,$Z$12:$Z$1468,0)>0,$AB102,""),"") | AJ102: =IFERROR(IF(MATCH(AJ$11&$AB102,$Z$12:$Z$1468,0)>0,$AB102,""),"") | ... BQ102: =IFERROR(IF(MATCH(BQ$11&$AB102,$Z$12:$Z$1468,0)>0,$AB102,""),"") | BU102: Banten | BV102: Kab. Tangerang | BW102: 15213 | BX102: -6.0759034 | BY102: 106.69693 | BZ102: 217.28036
A103: =B103&C103 -> Kab. Tangerang15214 | B103: Kab. Tangerang | C103: 15214 | D103: 215.63652 | E103: 210.58885 | F103: 1215000 | G103: 1215000 | H103: ZONE 1 | I103: 1215000 | K103: Banten | L103: Kab. Tangerang | M103: 15214 | N103: 74.452198 | O103: 54.891621 | P103: ZONE 1 | Q103: ZONE 1 | X103: Kota Bandung | Y103: 40182 | Z103: =X103&Y103 -> Kota Bandung40182 | AB103: 12120 | AC103: =IFERROR(IF(MATCH(AC$11&$AB103,$Z$12:$Z$1468,0)>0,$AB103,""),"") | AD103: =IFERROR(IF(MATCH(AD$11&$AB103,$Z$12:$Z$1468,0)>0,$AB103,""),"") | AE103: =IFERROR(IF(MATCH(AE$11&$AB103,$Z$12:$Z$1468,0)>0,$AB103,""),"") | AF103: =IFERROR(IF(MATCH(AF$11&$AB103,$Z$12:$Z$1468,0)>0,$AB103,""),"") | AG103: =IFERROR(IF(MATCH(AG$11&$AB103,$Z$12:$Z$1468,0)>0,$AB103,""),"") | AH103: =IFERROR(IF(MATCH(AH$11&$AB103,$Z$12:$Z$1468,0)>0,$AB103,""),"") | AI103: =IFERROR(IF(MATCH(AI$11&$AB103,$Z$12:$Z$1468,0)>0,$AB103,""),"") | AJ103: =IFERROR(IF(MATCH(AJ$11&$AB103,$Z$12:$Z$1468,0)>0,$AB103,""),"") | ... BQ103: =IFERROR(IF(MATCH(BQ$11&$AB103,$Z$12:$Z$1468,0)>0,$AB103,""),"") | BU103: Banten | BV103: Kab. Tangerang | BW103: 15214 | BX103: -6.0636205 | BY103: 106.68219 | BZ103: 220.45331
A104: =B104&C104 -> Kab. Tangerang15215 | B104: Kab. Tangerang | C104: 15215 | D104: 213.89384 | E104: 208.5753 | F104: 1205000 | G104: 1205000 | H104: ZONE 1 | I104: 1205000 | K104: Banten | L104: Kab. Tangerang | M104: 15215 | N104: 70.107563 | O104: 54.614702 | P104: ZONE 1 | Q104: ZONE 1 | X104: Kota Bandung | Y104: 40161 | Z104: =X104&Y104 -> Kota Bandung40161 | AB104: 12130 | AC104: =IFERROR(IF(MATCH(AC$11&$AB104,$Z$12:$Z$1468,0)>0,$AB104,""),"") | AD104: =IFERROR(IF(MATCH(AD$11&$AB104,$Z$12:$Z$1468,0)>0,$AB104,""),"") | AE104: =IFERROR(IF(MATCH(AE$11&$AB104,$Z$12:$Z$1468,0)>0,$AB104,""),"") | AF104: =IFERROR(IF(MATCH(AF$11&$AB104,$Z$12:$Z$1468,0)>0,$AB104,""),"") | AG104: =IFERROR(IF(MATCH(AG$11&$AB104,$Z$12:$Z$1468,0)>0,$AB104,""),"") | AH104: =IFERROR(IF(MATCH(AH$11&$AB104,$Z$12:$Z$1468,0)>0,$AB104,""),"") | AI104: =IFERROR(IF(MATCH(AI$11&$AB104,$Z$12:$Z$1468,0)>0,$AB104,""),"") | AJ104: =IFERROR(IF(MATCH(AJ$11&$AB104,$Z$12:$Z$1468,0)>0,$AB104,""),"") | ... BQ104: =IFERROR(IF(MATCH(BQ$11&$AB104,$Z$12:$Z$1468,0)>0,$AB104,""),"") | BU104: Banten | BV104: Kab. Tangerang | BW104: 15215 | BX104: -6.1025262 | BY104: 106.66155 | BZ104: 218.30258
A105: =B105&C105 -> Kab. Tangerang15330 | B105: Kab. Tangerang | C105: 15330 | D105: 231.73522 | E105: 226.10564 | F105: 1295000 | G105: 1295000 | H105: ZONE 1 | I105: 1295000 | K105: Banten | L105: Kab. Tangerang | M105: 15330 | N105: 84.714722 | O105: 74.005185 | P105: ZONE 1 | Q105: ZONE 1 | X105: Kota Bandung | Y105: 40221 | Z105: =X105&Y105 -> Kota Bandung40221 | AB105: 12140 | AC105: =IFERROR(IF(MATCH(AC$11&$AB105,$Z$12:$Z$1468,0)>0,$AB105,""),"") | AD105: =IFERROR(IF(MATCH(AD$11&$AB105,$Z$12:$Z$1468,0)>0,$AB105,""),"") | AE105: =IFERROR(IF(MATCH(AE$11&$AB105,$Z$12:$Z$1468,0)>0,$AB105,""),"") | AF105: =IFERROR(IF(MATCH(AF$11&$AB105,$Z$12:$Z$1468,0)>0,$AB105,""),"") | AG105: =IFERROR(IF(MATCH(AG$11&$AB105,$Z$12:$Z$1468,0)>0,$AB105,""),"") | AH105: =IFERROR(IF(MATCH(AH$11&$AB105,$Z$12:$Z$1468,0)>0,$AB105,""),"") | AI105: =IFERROR(IF(MATCH(AI$11&$AB105,$Z$12:$Z$1468,0)>0,$AB105,""),"") | AJ105: =IFERROR(IF(MATCH(AJ$11&$AB105,$Z$12:$Z$1468,0)>0,$AB105,""),"") | ... BQ105: =IFERROR(IF(MATCH(BQ$11&$AB105,$Z$12:$Z$1468,0)>0,$AB105,""),"") | BU105: Banten | BV105: Kab. Tangerang | BW105: 15330 | BX105: -6.0729735 | BY105: 106.54662 | BZ105: 235.64577
A106: =B106&C106 -> Kab. Tangerang15331 | B106: Kab. Tangerang | C106: 15331 | D106: 199.61347 | E106: 193.31838 | F106: 1135000 | G106: 1135000 | H106: ZONE 1 | I106: 1135000 | K106: Banten | L106: Kab. Tangerang | M106: 15331 | N106: 49.497599 | O106: 53.713863 | P106: ZONE 1 | Q106: ZONE 1 | X106: Kota Bandung | Y106: 40223 | Z106: =X106&Y106 -> Kota Bandung40223 | AB106: 12150 | AC106: =IFERROR(IF(MATCH(AC$11&$AB106,$Z$12:$Z$1468,0)>0,$AB106,""),"") | AD106: =IFERROR(IF(MATCH(AD$11&$AB106,$Z$12:$Z$1468,0)>0,$AB106,""),"") | AE106: =IFERROR(IF(MATCH(AE$11&$AB106,$Z$12:$Z$1468,0)>0,$AB106,""),"") | AF106: =IFERROR(IF(MATCH(AF$11&$AB106,$Z$12:$Z$1468,0)>0,$AB106,""),"") | AG106: =IFERROR(IF(MATCH(AG$11&$AB106,$Z$12:$Z$1468,0)>0,$AB106,""),"") | AH106: =IFERROR(IF(MATCH(AH$11&$AB106,$Z$12:$Z$1468,0)>0,$AB106,""),"") | AI106: =IFERROR(IF(MATCH(AI$11&$AB106,$Z$12:$Z$1468,0)>0,$AB106,""),"") | AJ106: =IFERROR(IF(MATCH(AJ$11&$AB106,$Z$12:$Z$1468,0)>0,$AB106,""),"") | ... BQ106: =IFERROR(IF(MATCH(BQ$11&$AB106,$Z$12:$Z$1468,0)>0,$AB106,""),"") | BU106: Banten | BV106: Kab. Tangerang | BW106: 15331 | BX106: -6.2796882 | BY106: 106.63502 | BZ106: 202.43292
A107: =B107&C107 -> Kab. Tangerang15332 | B107: Kab. Tangerang | C107: 15332 | D107: 200.87428 | E107: 194.68112 | F107: 1140000 | G107: 1140000 | H107: ZONE 1 | I107: 1140000 | K107: Banten | L107: Kab. Tangerang | M107: 15332 | N107: 51.146797 | O107: 53.001965 | P107: ZONE 1 | Q107: ZONE 1 | X107: Kota Bandung | Y107: 40173 | Z107: =X107&Y107 -> Kota Bandung40173 | AB107: 12160 | AC107: =IFERROR(IF(MATCH(AC$11&$AB107,$Z$12:$Z$1468,0)>0,$AB107,""),"") | AD107: =IFERROR(IF(MATCH(AD$11&$AB107,$Z$12:$Z$1468,0)>0,$AB107,""),"") | AE107: =IFERROR(IF(MATCH(AE$11&$AB107,$Z$12:$Z$1468,0)>0,$AB107,""),"") | AF107: =IFERROR(IF(MATCH(AF$11&$AB107,$Z$12:$Z$1468,0)>0,$AB107,""),"") | AG107: =IFERROR(IF(MATCH(AG$11&$AB107,$Z$12:$Z$1468,0)>0,$AB107,""),"") | AH107: =IFERROR(IF(MATCH(AH$11&$AB107,$Z$12:$Z$1468,0)>0,$AB107,""),"") | AI107: =IFERROR(IF(MATCH(AI$11&$AB107,$Z$12:$Z$1468,0)>0,$AB107,""),"") | AJ107: =IFERROR(IF(MATCH(AJ$11&$AB107,$Z$12:$Z$1468,0)>0,$AB107,""),"") | ... BQ107: =IFERROR(IF(MATCH(BQ$11&$AB107,$Z$12:$Z$1468,0)>0,$AB107,""),"") | BU107: Banten | BV107: Kab. Tangerang | BW107: 15332 | BX107: -6.261681 | BY107: 106.63797 | BZ107: 203.86986
A108: =B108&C108 -> Kab. Tangerang15333 | B108: Kab. Tangerang | C108: 15333 | D108: 228.52334 | E108: 222.19456 | F108: 1280000 | G108: 1280000 | H108: ZONE 1 | I108: 1280000 | K108: Banten | L108: Kab. Tangerang | M108: 15333 | N108: 78.22142 | O108: 78.503052 | P108: ZONE 1 | Q108: ZONE 1 | X108: Kota Bandung | Y108: 40224 | Z108: =X108&Y108 -> Kota Bandung40224 | AB108: 12170 | AC108: =IFERROR(IF(MATCH(AC$11&$AB108,$Z$12:$Z$1468,0)>0,$AB108,""),"") | AD108: =IFERROR(IF(MATCH(AD$11&$AB108,$Z$12:$Z$1468,0)>0,$AB108,""),"") | AE108: =IFERROR(IF(MATCH(AE$11&$AB108,$Z$12:$Z$1468,0)>0,$AB108,""),"") | AF108: =IFERROR(IF(MATCH(AF$11&$AB108,$Z$12:$Z$1468,0)>0,$AB108,""),"") | AG108: =IFERROR(IF(MATCH(AG$11&$AB108,$Z$12:$Z$1468,0)>0,$AB108,""),"") | AH108: =IFERROR(IF(MATCH(AH$11&$AB108,$Z$12:$Z$1468,0)>0,$AB108,""),"") | AI108: =IFERROR(IF(MATCH(AI$11&$AB108,$Z$12:$Z$1468,0)>0,$AB108,""),"") | AJ108: =IFERROR(IF(MATCH(AJ$11&$AB108,$Z$12:$Z$1468,0)>0,$AB108,""),"") | ... BQ108: =IFERROR(IF(MATCH(BQ$11&$AB108,$Z$12:$Z$1468,0)>0,$AB108,""),"") | BU108: Banten | BV108: Kab. Tangerang | BW108: 15333 | BX108: -6.1870007 | BY108: 106.48766 | BZ108: 231.2604
A109: =B109&C109 -> Kab. Tangerang15334 | B109: Kab. Tangerang | C109: 15334 | D109: 203.58266 | E109: 197.27804 | F109: 1155000 | G109: 1155000 | H109: ZONE 1 | I109: 1155000 | K109: Banten | L109: Kab. Tangerang | M109: 15334 | N109: 53.415389 | O109: 56.958451 | P109: ZONE 1 | Q109: ZONE 1 | X109: Kota Bandung | Y109: 40222 | Z109: =X109&Y109 -> Kota Bandung40222 | AB109: 12180 | AC109: =IFERROR(IF(MATCH(AC$11&$AB109,$Z$12:$Z$1468,0)>0,$AB109,""),"") | AD109: =IFERROR(IF(MATCH(AD$11&$AB109,$Z$12:$Z$1468,0)>0,$AB109,""),"") | AE109: =IFERROR(IF(MATCH(AE$11&$AB109,$Z$12:$Z$1468,0)>0,$AB109,""),"") | AF109: =IFERROR(IF(MATCH(AF$11&$AB109,$Z$12:$Z$1468,0)>0,$AB109,""),"") | AG109: =IFERROR(IF(MATCH(AG$11&$AB109,$Z$12:$Z$1468,0)>0,$AB109,""),"") | AH109: =IFERROR(IF(MATCH(AH$11&$AB109,$Z$12:$Z$1468,0)>0,$AB109,""),"") | AI109: =IFERROR(IF(MATCH(AI$11&$AB109,$Z$12:$Z$1468,0)>0,$AB109,""),"") | AJ109: =IFERROR(IF(MATCH(AJ$11&$AB109,$Z$12:$Z$1468,0)>0,$AB109,""),"") | ... BQ109: =IFERROR(IF(MATCH(BQ$11&$AB109,$Z$12:$Z$1468,0)>0,$AB109,""),"") | BU109: Banten | BV109: Kab. Tangerang | BW109: 15334 | BX109: -6.267562 | BY109: 106.61439 | BZ109: 206.38186
A110: =B110&C110 -> Kab. Tangerang15335 | B110: Kab. Tangerang | C110: 15335 | D110: 228.52334 | E110: 222.19456 | F110: 1280000 | G110: 1280000 | H110: ZONE 1 | I110: 1280000 | K110: Banten | L110: Kab. Tangerang | M110: 15335 | N110: 78.22142 | O110: 78.503052 | P110: ZONE 1 | Q110: ZONE 1 | X110: Kota Bandung | Y110: 40162 | Z110: =X110&Y110 -> Kota Bandung40162 | AB110: 12190 | AC110: =IFERROR(IF(MATCH(AC$11&$AB110,$Z$12:$Z$1468,0)>0,$AB110,""),"") | AD110: =IFERROR(IF(MATCH(AD$11&$AB110,$Z$12:$Z$1468,0)>0,$AB110,""),"") | AE110: =IFERROR(IF(MATCH(AE$11&$AB110,$Z$12:$Z$1468,0)>0,$AB110,""),"") | AF110: =IFERROR(IF(MATCH(AF$11&$AB110,$Z$12:$Z$1468,0)>0,$AB110,""),"") | AG110: =IFERROR(IF(MATCH(AG$11&$AB110,$Z$12:$Z$1468,0)>0,$AB110,""),"") | AH110: =IFERROR(IF(MATCH(AH$11&$AB110,$Z$12:$Z$1468,0)>0,$AB110,""),"") | AI110: =IFERROR(IF(MATCH(AI$11&$AB110,$Z$12:$Z$1468,0)>0,$AB110,""),"") | AJ110: =IFERROR(IF(MATCH(AJ$11&$AB110,$Z$12:$Z$1468,0)>0,$AB110,""),"") | ... BQ110: =IFERROR(IF(MATCH(BQ$11&$AB110,$Z$12:$Z$1468,0)>0,$AB110,""),"") | BU110: Banten | BV110: Kab. Tangerang | BW110: 15335 | BX110: -6.1870007 | BY110: 106.48766 | BZ110: 231.2604
... A134: =B134&C134 -> Kab. Tangerang15820 | B134: Kab. Tangerang | C134: 15820 | D134: 207.16185 | E134: 200.56977 | F134: 1175000 | G134: 1175000 | H134: ZONE 1 | I134: 1175000 | K134: Banten | L134: Kab. Tangerang | M134: 15820 | N134: 56.51856 | O134: 64.728817 | P134: ZONE 1 | Q134: ZONE 1 | X134: Kab. Bandung | Y134: 40626 | Z134: =X134&Y134 -> Kab. Bandung40626 | AB134: 12630 | AC134: =IFERROR(IF(MATCH(AC$11&$AB134,$Z$12:$Z$1468,0)>0,$AB134,""),"") | AD134: =IFERROR(IF(MATCH(AD$11&$AB134,$Z$12:$Z$1468,0)>0,$AB134,""),"") | AE134: =IFERROR(IF(MATCH(AE$11&$AB134,$Z$12:$Z$1468,0)>0,$AB134,""),"") | AF134: =IFERROR(IF(MATCH(AF$11&$AB134,$Z$12:$Z$1468,0)>0,$AB134,""),"") | AG134: =IFERROR(IF(MATCH(AG$11&$AB134,$Z$12:$Z$1468,0)>0,$AB134,""),"") | AH134: =IFERROR(IF(MATCH(AH$11&$AB134,$Z$12:$Z$1468,0)>0,$AB134,""),"") | AI134: =IFERROR(IF(MATCH(AI$11&$AB134,$Z$12:$Z$1468,0)>0,$AB134,""),"") | AJ134: =IFERROR(IF(MATCH(AJ$11&$AB134,$Z$12:$Z$1468,0)>0,$AB134,""),"") | ... BQ134: =IFERROR(IF(MATCH(BQ$11&$AB134,$Z$12:$Z$1468,0)>0,$AB134,""),"") | BU134: Banten | BV134: Kab. Tangerang | BW134: 15820 | BX134: -6.2971525 | BY134: 106.57019 | BZ134: 209.44187
A135: =B135&C135 -> Kota Cilegon42411 | B135: Kota Cilegon | C135: 42411 | D135: 304.39216 | E135: 297.67746 | F135: 1660000 | G135: 1660000 | H135: 955000 | I135: 1660000 | K135: Banten | L135: Kota Cilegon | M135: 42411 | N135: 153.76668 | O135: 154.26417 | P135: 955000 | Q135: 955000 | X135: Kab. Bandung | Y135: 40624 | Z135: =X135&Y135 -> Kab. Bandung40624 | AB135: 12640 | AC135: =IFERROR(IF(MATCH(AC$11&$AB135,$Z$12:$Z$1468,0)>0,$AB135,""),"") | AD135: =IFERROR(IF(MATCH(AD$11&$AB135,$Z$12:$Z$1468,0)>0,$AB135,""),"") | AE135: =IFERROR(IF(MATCH(AE$11&$AB135,$Z$12:$Z$1468,0)>0,$AB135,""),"") | AF135: =IFERROR(IF(MATCH(AF$11&$AB135,$Z$12:$Z$1468,0)>0,$AB135,""),"") | AG135: =IFERROR(IF(MATCH(AG$11&$AB135,$Z$12:$Z$1468,0)>0,$AB135,""),"") | AH135: =IFERROR(IF(MATCH(AH$11&$AB135,$Z$12:$Z$1468,0)>0,$AB135,""),"") | AI135: =IFERROR(IF(MATCH(AI$11&$AB135,$Z$12:$Z$1468,0)>0,$AB135,""),"") | AJ135: =IFERROR(IF(MATCH(AJ$11&$AB135,$Z$12:$Z$1468,0)>0,$AB135,""),"") | ... BQ135: =IFERROR(IF(MATCH(BQ$11&$AB135,$Z$12:$Z$1468,0)>0,$AB135,""),"") | BU135: Banten | BV135: Kota Cilegon | BW135: 42411 | BX135: -6.0152205 | BY135: 106.05667 | BZ135: 306.38217
A136: =B136&C136 -> Kota Cilegon42412 | B136: Kota Cilegon | C136: 42412 | D136: 302.66796 | E136: 296.0079 | F136: 1650000 | G136: 1650000 | H136: 950000 | I136: 1650000 | K136: Banten | L136: Kota Cilegon | M136: 42412 | N136: 152.0269 | O136: 151.96665 | P136: 950000 | Q136: 950000 | X136: Kab. Bandung | Y136: 40376 | Z136: =X136&Y136 -> Kab. Bandung40376 | AB136: 12710 | AC136: =IFERROR(IF(MATCH(AC$11&$AB136,$Z$12:$Z$1468,0)>0,$AB136,""),"") | AD136: =IFERROR(IF(MATCH(AD$11&$AB136,$Z$12:$Z$1468,0)>0,$AB136,""),"") | AE136: =IFERROR(IF(MATCH(AE$11&$AB136,$Z$12:$Z$1468,0)>0,$AB136,""),"") | AF136: =IFERROR(IF(MATCH(AF$11&$AB136,$Z$12:$Z$1468,0)>0,$AB136,""),"") | AG136: =IFERROR(IF(MATCH(AG$11&$AB136,$Z$12:$Z$1468,0)>0,$AB136,""),"") | AH136: =IFERROR(IF(MATCH(AH$11&$AB136,$Z$12:$Z$1468,0)>0,$AB136,""),"") | AI136: =IFERROR(IF(MATCH(AI$11&$AB136,$Z$12:$Z$1468,0)>0,$AB136,""),"") | AJ136: =IFERROR(IF(MATCH(AJ$11&$AB136,$Z$12:$Z$1468,0)>0,$AB136,""),"") | ... BQ136: =IFERROR(IF(MATCH(BQ$11&$AB136,$Z$12:$Z$1468,0)>0,$AB136,""),"") | BU136: Banten | BV136: Kota Cilegon | BW136: 42412 | BX136: -6.0083503 | BY136: 106.07284 | BZ136: 304.76142
A137: =B137&C137 -> Kota Cilegon42413 | B137: Kota Cilegon | C137: 42413 | D137: 304.36486 | E137: 297.72599 | F137: 1660000 | G137: 1660000 | H137: 955000 | I137: 1660000 | K137: Banten | L137: Kota Cilegon | M137: 42413 | N137: 153.7226 | O137: 153.35288 | P137: 955000 | Q137: 955000 | X137: Kab. Bandung | Y137: 40625 | Z137: =X137&Y137 -> Kab. Bandung40625 | AB137: 12720 | AC137: =IFERROR(IF(MATCH(AC$11&$AB137,$Z$12:$Z$1468,0)>0,$AB137,""),"") | AD137: =IFERROR(IF(MATCH(AD$11&$AB137,$Z$12:$Z$1468,0)>0,$AB137,""),"") | AE137: =IFERROR(IF(MATCH(AE$11&$AB137,$Z$12:$Z$1468,0)>0,$AB137,""),"") | AF137: =IFERROR(IF(MATCH(AF$11&$AB137,$Z$12:$Z$1468,0)>0,$AB137,""),"") | AG137: =IFERROR(IF(MATCH(AG$11&$AB137,$Z$12:$Z$1468,0)>0,$AB137,""),"") | AH137: =IFERROR(IF(MATCH(AH$11&$AB137,$Z$12:$Z$1468,0)>0,$AB137,""),"") | AI137: =IFERROR(IF(MATCH(AI$11&$AB137,$Z$12:$Z$1468,0)>0,$AB137,""),"") | AJ137: =IFERROR(IF(MATCH(AJ$11&$AB137,$Z$12:$Z$1468,0)>0,$AB137,""),"") | ... BQ137: =IFERROR(IF(MATCH(BQ$11&$AB137,$Z$12:$Z$1468,0)>0,$AB137,""),"") | BU137: Banten | BV137: Kota Cilegon | BW137: 42413 | BX137: -5.9983115 | BY137: 106.06696 | BZ137: 306.49716
A138: =B138&C138 -> Kota Cilegon42414 | B138: Kota Cilegon | C138: 42414 | D138: 305.64944 | E138: 298.93934 | F138: 1665000 | G138: 1665000 | H138: 965000 | I138: 1665000 | K138: Banten | L138: Kota Cilegon | M138: 42414 | N138: 155.02176 | O138: 155.41546 | P138: 965000 | Q138: 965000 | X138: Kab. Bandung | Y138: 40615 | Z138: =X138&Y138 -> Kab. Bandung40615 | AB138: 12730 | AC138: =IFERROR(IF(MATCH(AC$11&$AB138,$Z$12:$Z$1468,0)>0,$AB138,""),"") | AD138: =IFERROR(IF(MATCH(AD$11&$AB138,$Z$12:$Z$1468,0)>0,$AB138,""),"") | AE138: =IFERROR(IF(MATCH(AE$11&$AB138,$Z$12:$Z$1468,0)>0,$AB138,""),"") | AF138: =IFERROR(IF(MATCH(AF$11&$AB138,$Z$12:$Z$1468,0)>0,$AB138,""),"") | AG138: =IFERROR(IF(MATCH(AG$11&$AB138,$Z$12:$Z$1468,0)>0,$AB138,""),"") | AH138: =IFERROR(IF(MATCH(AH$11&$AB138,$Z$12:$Z$1468,0)>0,$AB138,""),"") | AI138: =IFERROR(IF(MATCH(AI$11&$AB138,$Z$12:$Z$1468,0)>0,$AB138,""),"") | AJ138: =IFERROR(IF(MATCH(AJ$11&$AB138,$Z$12:$Z$1468,0)>0,$AB138,""),"") | ... BQ138: =IFERROR(IF(MATCH(BQ$11&$AB138,$Z$12:$Z$1468,0)>0,$AB138,""),"") | BU138: Banten | BV138: Kota Cilegon | BW138: 42414 | BX138: -6.0102881 | BY138: 106.05079 | BZ138: 307.64758
A139: =B139&C139 -> Kota Cilegon42415 | B139: Kota Cilegon | C139: 42415 | D139: 304.77735 | E139: 298.01135 | F139: 1660000 | G139: 1660000 | H139: 960000 | I139: 1660000 | K139: Banten | L139: Kota Cilegon | M139: 42415 | N139: 154.18327 | O139: 155.25454 | P139: 960000 | Q139: 960000 | X139: Kab. Bandung | Y139: 40381 | Z139: =X139&Y139 -> Kab. Bandung40381 | AB139: 12740 | AC139: =IFERROR(IF(MATCH(AC$11&$AB139,$Z$12:$Z$1468,0)>0,$AB139,""),"") | AD139: =IFERROR(IF(MATCH(AD$11&$AB139,$Z$12:$Z$1468,0)>0,$AB139,""),"") | AE139: =IFERROR(IF(MATCH(AE$11&$AB139,$Z$12:$Z$1468,0)>0,$AB139,""),"") | AF139: =IFERROR(IF(MATCH(AF$11&$AB139,$Z$12:$Z$1468,0)>0,$AB139,""),"") | AG139: =IFERROR(IF(MATCH(AG$11&$AB139,$Z$12:$Z$1468,0)>0,$AB139,""),"") | AH139: =IFERROR(IF(MATCH(AH$11&$AB139,$Z$12:$Z$1468,0)>0,$AB139,""),"") | AI139: =IFERROR(IF(MATCH(AI$11&$AB139,$Z$12:$Z$1468,0)>0,$AB139,""),"") | AJ139: =IFERROR(IF(MATCH(AJ$11&$AB139,$Z$12:$Z$1468,0)>0,$AB139,""),"") | ... BQ139: =IFERROR(IF(MATCH(BQ$11&$AB139,$Z$12:$Z$1468,0)>0,$AB139,""),"") | BU139: Banten | BV139: Kota Cilegon | BW139: 42415 | BX139: -6.0257039 | BY139: 106.04785 | BZ139: 306.66993
A140: =B140&C140 -> Kota Cilegon42416 | B140: Kota Cilegon | C140: 42416 | D140: 303.01946 | E140: 296.28452 | F140: 1655000 | G140: 1655000 | H140: 950000 | I140: 1655000 | K140: Banten | L140: Kota Cilegon | M140: 42416 | N140: 152.40476 | O140: 153.19252 | P140: 950000 | Q140: 950000 | X140: Kab. Bandung | Y140: 40616 | Z140: =X140&Y140 -> Kab. Bandung40616 | AB140: 12750 | AC140: =IFERROR(IF(MATCH(AC$11&$AB140,$Z$12:$Z$1468,0)>0,$AB140,""),"") | AD140: =IFERROR(IF(MATCH(AD$11&$AB140,$Z$12:$Z$1468,0)>0,$AB140,""),"") | AE140: =IFERROR(IF(MATCH(AE$11&$AB140,$Z$12:$Z$1468,0)>0,$AB140,""),"") | AF140: =IFERROR(IF(MATCH(AF$11&$AB140,$Z$12:$Z$1468,0)>0,$AB140,""),"") | AG140: =IFERROR(IF(MATCH(AG$11&$AB140,$Z$12:$Z$1468,0)>0,$AB140,""),"") | AH140: =IFERROR(IF(MATCH(AH$11&$AB140,$Z$12:$Z$1468,0)>0,$AB140,""),"") | AI140: =IFERROR(IF(MATCH(AI$11&$AB140,$Z$12:$Z$1468,0)>0,$AB140,""),"") | AJ140: =IFERROR(IF(MATCH(AJ$11&$AB140,$Z$12:$Z$1468,0)>0,$AB140,""),"") | ... BQ140: =IFERROR(IF(MATCH(BQ$11&$AB140,$Z$12:$Z$1468,0)>0,$AB140,""),"") | BU140: Banten | BV140: Kota Cilegon | BW140: 42416 | BX140: -6.0240292 | BY140: 106.06108 | BZ140: 304.97181
A141: =B141&C141 -> Kota Cilegon42417 | B141: Kota Cilegon | C141: 42417 | D141: 303.52181 | E141: 296.751 | F141: 1655000 | G141: 1655000 | H141: 950000 | I141: 1655000 | K141: Banten | L141: Kota Cilegon | M141: 42417 | N141: 152.93199 | O141: 154.11269 | P141: 950000 | Q141: 950000 | X141: Kab. Bandung | Y141: 40287 | Z141: =X141&Y141 -> Kab. Bandung40287 | AB141: 12760 | AC141: =IFERROR(IF(MATCH(AC$11&$AB141,$Z$12:$Z$1468,0)>0,$AB141,""),"") | AD141: =IFERROR(IF(MATCH(AD$11&$AB141,$Z$12:$Z$1468,0)>0,$AB141,""),"") | AE141: =IFERROR(IF(MATCH(AE$11&$AB141,$Z$12:$Z$1468,0)>0,$AB141,""),"") | AF141: =IFERROR(IF(MATCH(AF$11&$AB141,$Z$12:$Z$1468,0)>0,$AB141,""),"") | AG141: =IFERROR(IF(MATCH(AG$11&$AB141,$Z$12:$Z$1468,0)>0,$AB141,""),"") | AH141: =IFERROR(IF(MATCH(AH$11&$AB141,$Z$12:$Z$1468,0)>0,$AB141,""),"") | AI141: =IFERROR(IF(MATCH(AI$11&$AB141,$Z$12:$Z$1468,0)>0,$AB141,""),"") | AJ141: =IFERROR(IF(MATCH(AJ$11&$AB141,$Z$12:$Z$1468,0)>0,$AB141,""),"") | ... BQ141: =IFERROR(IF(MATCH(BQ$11&$AB141,$Z$12:$Z$1468,0)>0,$AB141,""),"") | BU141: Banten | BV141: Kota Cilegon | BW141: 42417 | BX141: -6.0306373 | BY141: 106.05373 | BZ141: 305.40578
A142: =B142&C142 -> Kota Cilegon42418 | B142: Kota Cilegon | C142: 42418 | D142: 304.65922 | E142: 297.8553 | F142: 1660000 | G142: 1660000 | H142: 960000 | I142: 1660000 | K142: Banten | L142: Kota Cilegon | M142: 42418 | N142: 154.09915 | O142: 155.61285 | P142: 960000 | Q142: 960000 | X142: Kab. Bandung | Y142: 40617 | Z142: =X142&Y142 -> Kab. Bandung40617 | AB142: 12770 | AC142: =IFERROR(IF(MATCH(AC$11&$AB142,$Z$12:$Z$1468,0)>0,$AB142,""),"") | AD142: =IFERROR(IF(MATCH(AD$11&$AB142,$Z$12:$Z$1468,0)>0,$AB142,""),"") | AE142: =IFERROR(IF(MATCH(AE$11&$AB142,$Z$12:$Z$1468,0)>0,$AB142,""),"") | AF142: =IFERROR(IF(MATCH(AF$11&$AB142,$Z$12:$Z$1468,0)>0,$AB142,""),"") | AG142: =IFERROR(IF(MATCH(AG$11&$AB142,$Z$12:$Z$1468,0)>0,$AB142,""),"") | AH142: =IFERROR(IF(MATCH(AH$11&$AB142,$Z$12:$Z$1468,0)>0,$AB142,""),"") | AI142: =IFERROR(IF(MATCH(AI$11&$AB142,$Z$12:$Z$1468,0)>0,$AB142,""),"") | AJ142: =IFERROR(IF(MATCH(AJ$11&$AB142,$Z$12:$Z$1468,0)>0,$AB142,""),"") | ... BQ142: =IFERROR(IF(MATCH(BQ$11&$AB142,$Z$12:$Z$1468,0)>0,$AB142,""),"") | BU142: Banten | BV142: Kota Cilegon | BW142: 42418 | BX142: -6.0347794 | BY142: 106.04344 | BZ142: 306.47942
A143: =B143&C143 -> Kota Cilegon42419 | B143: Kota Cilegon | C143: 42419 | D143: 304.76976 | E143: 297.86963 | F143: 1660000 | G143: 1660000 | H143: 960000 | I143: 1660000 | K143: Banten | L143: Kota Cilegon | M143: 42419 | N143: 154.33764 | O143: 156.96089 | P143: 960000 | Q143: 960000 | X143: Kab. Bandung | Y143: 40288 | Z143: =X143&Y143 -> Kab. Bandung40288 | AB143: 12780 | AC143: =IFERROR(IF(MATCH(AC$11&$AB143,$Z$12:$Z$1468,0)>0,$AB143,""),"") | AD143: =IFERROR(IF(MATCH(AD$11&$AB143,$Z$12:$Z$1468,0)>0,$AB143,""),"") | AE143: =IFERROR(IF(MATCH(AE$11&$AB143,$Z$12:$Z$1468,0)>0,$AB143,""),"") | AF143: =IFERROR(IF(MATCH(AF$11&$AB143,$Z$12:$Z$1468,0)>0,$AB143,""),"") | AG143: =IFERROR(IF(MATCH(AG$11&$AB143,$Z$12:$Z$1468,0)>0,$AB143,""),"") | AH143: =IFERROR(IF(MATCH(AH$11&$AB143,$Z$12:$Z$1468,0)>0,$AB143,""),"") | AI143: =IFERROR(IF(MATCH(AI$11&$AB143,$Z$12:$Z$1468,0)>0,$AB143,""),"") | AJ143: =IFERROR(IF(MATCH(AJ$11&$AB143,$Z$12:$Z$1468,0)>0,$AB143,""),"") | ... BQ143: =IFERROR(IF(MATCH(BQ$11&$AB143,$Z$12:$Z$1468,0)>0,$AB143,""),"") | BU143: Banten | BV143: Kota Cilegon | BW143: 42419 | BX143: -6.0569032 | BY143: 106.03022 | BZ143: 306.40405
A144: =B144&C144 -> Kota Cilegon42421 | B144: Kota Cilegon | C144: 42421 | D144: 304.22201 | E144: 297.49434 | F144: 1660000 | G144: 1660000 | H144: 955000 | I144: 1660000 | K144: Banten | L144: Kota Cilegon | M144: 42421 | N144: 153.60299 | O144: 154.2566 | P144: 955000 | Q144: 955000 | X144: Kab. Bandung | Y144: 40619 | Z144: =X144&Y144 -> Kab. Bandung40619 | AB144: 12790 | AC144: =IFERROR(IF(MATCH(AC$11&$AB144,$Z$12:$Z$1468,0)>0,$AB144,""),"") | AD144: =IFERROR(IF(MATCH(AD$11&$AB144,$Z$12:$Z$1468,0)>0,$AB144,""),"") | AE144: =IFERROR(IF(MATCH(AE$11&$AB144,$Z$12:$Z$1468,0)>0,$AB144,""),"") | AF144: =IFERROR(IF(MATCH(AF$11&$AB144,$Z$12:$Z$1468,0)>0,$AB144,""),"") | AG144: =IFERROR(IF(MATCH(AG$11&$AB144,$Z$12:$Z$1468,0)>0,$AB144,""),"") | AH144: =IFERROR(IF(MATCH(AH$11&$AB144,$Z$12:$Z$1468,0)>0,$AB144,""),"") | AI144: =IFERROR(IF(MATCH(AI$11&$AB144,$Z$12:$Z$1468,0)>0,$AB144,""),"") | AJ144: =IFERROR(IF(MATCH(AJ$11&$AB144,$Z$12:$Z$1468,0)>0,$AB144,""),"") | ... BQ144: =IFERROR(IF(MATCH(BQ$11&$AB144,$Z$12:$Z$1468,0)>0,$AB144,""),"") | BU144: Banten | BV144: Kota Cilegon | BW144: 42421 | BX144: -6.0186817 | BY144: 106.05582 | BZ144: 306.18758
A145: =B145&C145 -> Kota Cilegon42422 | B145: Kota Cilegon | C145: 42422 | D145: 299.67852 | E145: 292.94624 | F145: 1635000 | G145: 1635000 | H145: 935000 | I145: 1635000 | K145: Banten | L145: Kota Cilegon | M145: 42422 | N145: 149.06304 | O145: 149.96461 | P145: 935000 | Q145: 935000 | X145: Kab. Bandung | Y145: 40195 | Z145: =X145&Y145 -> Kab. Bandung40195 | AB145: 12810 | AC145: =IFERROR(IF(MATCH(AC$11&$AB145,$Z$12:$Z$1468,0)>0,$AB145,""),"") | AD145: =IFERROR(IF(MATCH(AD$11&$AB145,$Z$12:$Z$1468,0)>0,$AB145,""),"") | AE145: =IFERROR(IF(MATCH(AE$11&$AB145,$Z$12:$Z$1468,0)>0,$AB145,""),"") | AF145: =IFERROR(IF(MATCH(AF$11&$AB145,$Z$12:$Z$1468,0)>0,$AB145,""),"") | AG145: =IFERROR(IF(MATCH(AG$11&$AB145,$Z$12:$Z$1468,0)>0,$AB145,""),"") | AH145: =IFERROR(IF(MATCH(AH$11&$AB145,$Z$12:$Z$1468,0)>0,$AB145,""),"") | AI145: =IFERROR(IF(MATCH(AI$11&$AB145,$Z$12:$Z$1468,0)>0,$AB145,""),"") | AJ145: =IFERROR(IF(MATCH(AJ$11&$AB145,$Z$12:$Z$1468,0)>0,$AB145,""),"") | ... BQ145: =IFERROR(IF(MATCH(BQ$11&$AB145,$Z$12:$Z$1468,0)>0,$AB145,""),"") | BU145: Banten | BV145: Kota Cilegon | BW145: 42422 | BX145: -6.0337179 | BY145: 106.07871 | BZ145: 301.63742
A146: =B146&C146 -> Kota Cilegon42423 | B146: Kota Cilegon | C146: 42423 | D146: 301.34095 | E146: 294.55995 | F146: 1645000 | G146: 1645000 | H146: 940000 | I146: 1645000 | K146: Banten | L146: Kota Cilegon | M146: 42423 | N146: 150.76062 | O146: 152.15567 | P146: 940000 | Q146: 940000 | X146: Kab. Bandung | Y146: 40258 | Z146: =X146&Y146 -> Kab. Bandung40258 | AB146: 12820 | AC146: =IFERROR(IF(MATCH(AC$11&$AB146,$Z$12:$Z$1468,0)>0,$AB146,""),"") | AD146: =IFERROR(IF(MATCH(AD$11&$AB146,$Z$12:$Z$1468,0)>0,$AB146,""),"") | AE146: =IFERROR(IF(MATCH(AE$11&$AB146,$Z$12:$Z$1468,0)>0,$AB146,""),"") | AF146: =IFERROR(IF(MATCH(AF$11&$AB146,$Z$12:$Z$1468,0)>0,$AB146,""),"") | AG146: =IFERROR(IF(MATCH(AG$11&$AB146,$Z$12:$Z$1468,0)>0,$AB146,""),"") | AH146: =IFERROR(IF(MATCH(AH$11&$AB146,$Z$12:$Z$1468,0)>0,$AB146,""),"") | AI146: =IFERROR(IF(MATCH(AI$11&$AB146,$Z$12:$Z$1468,0)>0,$AB146,""),"") | AJ146: =IFERROR(IF(MATCH(AJ$11&$AB146,$Z$12:$Z$1468,0)>0,$AB146,""),"") | ... BQ146: =IFERROR(IF(MATCH(BQ$11&$AB146,$Z$12:$Z$1468,0)>0,$AB146,""),"") | BU146: Banten | BV146: Kota Cilegon | BW146: 42423 | BX146: -6.0396008 | BY146: 106.06372 | BZ146: 303.20649
... A186: =B186&C186 -> Kota Serang42191 | B186: Kota Serang | C186: 42191 | D186: 281.98165 | E186: 275.11477 | F186: 1545000 | G186: 1545000 | H186: 845000 | I186: 1545000 | K186: Banten | L186: Kota Serang | M186: 42191 | N186: 131.52144 | O186: 134.9731 | P186: 845000 | Q186: 845000 | X186: Kab. Bandung | Y186: 40913 | Z186: =X186&Y186 -> Kab. Bandung40913 | AB186: 13540 | AC186: =IFERROR(IF(MATCH(AC$11&$AB186,$Z$12:$Z$1468,0)>0,$AB186,""),"") | AD186: =IFERROR(IF(MATCH(AD$11&$AB186,$Z$12:$Z$1468,0)>0,$AB186,""),"") | AE186: =IFERROR(IF(MATCH(AE$11&$AB186,$Z$12:$Z$1468,0)>0,$AB186,""),"") | AF186: =IFERROR(IF(MATCH(AF$11&$AB186,$Z$12:$Z$1468,0)>0,$AB186,""),"") | AG186: =IFERROR(IF(MATCH(AG$11&$AB186,$Z$12:$Z$1468,0)>0,$AB186,""),"") | AH186: =IFERROR(IF(MATCH(AH$11&$AB186,$Z$12:$Z$1468,0)>0,$AB186,""),"") | AI186: =IFERROR(IF(MATCH(AI$11&$AB186,$Z$12:$Z$1468,0)>0,$AB186,""),"") | AJ186: =IFERROR(IF(MATCH(AJ$11&$AB186,$Z$12:$Z$1468,0)>0,$AB186,""),"") | ... BQ186: =IFERROR(IF(MATCH(BQ$11&$AB186,$Z$12:$Z$1468,0)>0,$AB186,""),"") | BU186: Banten | BV186: Kota Serang | BW186: 42191 | BX186: -6.1169309 | BY186: 106.15385 | BZ186: 283.69174
A187: =B187&C187 -> Kota Tangerang15111 | B187: Kota Tangerang | C187: 15111 | D187: 209.66822 | E187: 203.9081 | F187: 1185000 | G187: 1185000 | H187: ZONE 1 | I187: 1185000 | K187: Banten | L187: Kota Tangerang | M187: 15111 | N187: 62.33562 | O187: 54.571444 | P187: ZONE 1 | Q187: ZONE 1 | X187: Kab. Bandung Barat | Y187: 40562 | Z187: =X187&Y187 -> Kab. Bandung Barat40562 | AB187: 13550 | AC187: =IFERROR(IF(MATCH(AC$11&$AB187,$Z$12:$Z$1468,0)>0,$AB187,""),"") | AD187: =IFERROR(IF(MATCH(AD$11&$AB187,$Z$12:$Z$1468,0)>0,$AB187,""),"") | AE187: =IFERROR(IF(MATCH(AE$11&$AB187,$Z$12:$Z$1468,0)>0,$AB187,""),"") | AF187: =IFERROR(IF(MATCH(AF$11&$AB187,$Z$12:$Z$1468,0)>0,$AB187,""),"") | AG187: =IFERROR(IF(MATCH(AG$11&$AB187,$Z$12:$Z$1468,0)>0,$AB187,""),"") | AH187: =IFERROR(IF(MATCH(AH$11&$AB187,$Z$12:$Z$1468,0)>0,$AB187,""),"") | AI187: =IFERROR(IF(MATCH(AI$11&$AB187,$Z$12:$Z$1468,0)>0,$AB187,""),"") | AJ187: =IFERROR(IF(MATCH(AJ$11&$AB187,$Z$12:$Z$1468,0)>0,$AB187,""),"") | ... BQ187: =IFERROR(IF(MATCH(BQ$11&$AB187,$Z$12:$Z$1468,0)>0,$AB187,""),"") | BU187: Banten | BV187: Kota Tangerang | BW187: 15111 | BX187: -6.1735287 | BY187: 106.6365 | BZ187: 213.38209
A188: =B188&C188 -> Kota Tangerang15112 | B188: Kota Tangerang | C188: 15112 | D188: 212.65751 | E188: 206.87638 | F188: 1200000 | G188: 1200000 | H188: ZONE 1 | I188: 1200000 | K188: Banten | L188: Kota Tangerang | M188: 15112 | N188: 65.084071 | O188: 57.510852 | P188: ZONE 1 | Q188: ZONE 1 | X188: Kab. Bandung Barat | Y188: 40553 | Z188: =X188&Y188 -> Kab. Bandung Barat40553 | AB188: 13560 | AC188: =IFERROR(IF(MATCH(AC$11&$AB188,$Z$12:$Z$1468,0)>0,$AB188,""),"") | AD188: =IFERROR(IF(MATCH(AD$11&$AB188,$Z$12:$Z$1468,0)>0,$AB188,""),"") | AE188: =IFERROR(IF(MATCH(AE$11&$AB188,$Z$12:$Z$1468,0)>0,$AB188,""),"") | AF188: =IFERROR(IF(MATCH(AF$11&$AB188,$Z$12:$Z$1468,0)>0,$AB188,""),"") | AG188: =IFERROR(IF(MATCH(AG$11&$AB188,$Z$12:$Z$1468,0)>0,$AB188,""),"") | AH188: =IFERROR(IF(MATCH(AH$11&$AB188,$Z$12:$Z$1468,0)>0,$AB188,""),"") | AI188: =IFERROR(IF(MATCH(AI$11&$AB188,$Z$12:$Z$1468,0)>0,$AB188,""),"") | AJ188: =IFERROR(IF(MATCH(AJ$11&$AB188,$Z$12:$Z$1468,0)>0,$AB188,""),"") | ... BQ188: =IFERROR(IF(MATCH(BQ$11&$AB188,$Z$12:$Z$1468,0)>0,$AB188,""),"") | BU188: Banten | BV188: Kota Tangerang | BW188: 15112 | BX188: -6.1651051 | BY188: 106.62029 | BZ188: 216.33505
A189: =B189&C189 -> Kota Tangerang15113 | B189: Kota Tangerang | C189: 15113 | D189: 211.1866 | E189: 205.37977 | F189: 1195000 | G189: 1195000 | H189: ZONE 1 | I189: 1195000 | K189: Banten | L189: Kota Tangerang | M189: 15113 | N189: 63.476693 | O189: 56.464962 | P189: ZONE 1 | Q189: ZONE 1 | X189: Kab. Bandung | Y189: 40385 | Z189: =X189&Y189 -> Kab. Bandung40385 | AB189: 13570 | AC189: =IFERROR(IF(MATCH(AC$11&$AB189,$Z$12:$Z$1468,0)>0,$AB189,""),"") | AD189: =IFERROR(IF(MATCH(AD$11&$AB189,$Z$12:$Z$1468,0)>0,$AB189,""),"") | AE189: =IFERROR(IF(MATCH(AE$11&$AB189,$Z$12:$Z$1468,0)>0,$AB189,""),"") | AF189: =IFERROR(IF(MATCH(AF$11&$AB189,$Z$12:$Z$1468,0)>0,$AB189,""),"") | AG189: =IFERROR(IF(MATCH(AG$11&$AB189,$Z$12:$Z$1468,0)>0,$AB189,""),"") | AH189: =IFERROR(IF(MATCH(AH$11&$AB189,$Z$12:$Z$1468,0)>0,$AB189,""),"") | AI189: =IFERROR(IF(MATCH(AI$11&$AB189,$Z$12:$Z$1468,0)>0,$AB189,""),"") | AJ189: =IFERROR(IF(MATCH(AJ$11&$AB189,$Z$12:$Z$1468,0)>0,$AB189,""),"") | ... BQ189: =IFERROR(IF(MATCH(BQ$11&$AB189,$Z$12:$Z$1468,0)>0,$AB189,""),"") | BU189: Banten | BV189: Kota Tangerang | BW189: 15113 | BX189: -6.1739052 | BY189: 106.62471 | BZ189: 214.82319
A190: =B190&C190 -> Kota Tangerang15114 | B190: Kota Tangerang | C190: 15114 | D190: 211.8848 | E190: 206.00709 | F190: 1195000 | G190: 1195000 | H190: ZONE 1 | I190: 1195000 | K190: Banten | L190: Kota Tangerang | M190: 15114 | N190: 63.688347 | O190: 57.912773 | P190: ZONE 1 | Q190: ZONE 1 | X190: Kab. Bandung | Y190: 40396 | Z190: =X190&Y190 -> Kab. Bandung40396 | AB190: 13610 | AC190: =IFERROR(IF(MATCH(AC$11&$AB190,$Z$12:$Z$1468,0)>0,$AB190,""),"") | AD190: =IFERROR(IF(MATCH(AD$11&$AB190,$Z$12:$Z$1468,0)>0,$AB190,""),"") | AE190: =IFERROR(IF(MATCH(AE$11&$AB190,$Z$12:$Z$1468,0)>0,$AB190,""),"") | AF190: =IFERROR(IF(MATCH(AF$11&$AB190,$Z$12:$Z$1468,0)>0,$AB190,""),"") | AG190: =IFERROR(IF(MATCH(AG$11&$AB190,$Z$12:$Z$1468,0)>0,$AB190,""),"") | AH190: =IFERROR(IF(MATCH(AH$11&$AB190,$Z$12:$Z$1468,0)>0,$AB190,""),"") | AI190: =IFERROR(IF(MATCH(AI$11&$AB190,$Z$12:$Z$1468,0)>0,$AB190,""),"") | AJ190: =IFERROR(IF(MATCH(AJ$11&$AB190,$Z$12:$Z$1468,0)>0,$AB190,""),"") | ... BQ190: =IFERROR(IF(MATCH(BQ$11&$AB190,$Z$12:$Z$1468,0)>0,$AB190,""),"") | BU190: Banten | BV190: Kota Tangerang | BW190: 15114 | BX190: -6.1806221 | BY190: 106.61439 | BZ190: 215.40432
A191: =B191&C191 -> Kota Tangerang15115 | B191: Kota Tangerang | C191: 15115 | D191: 209.14912 | E191: 203.243 | F191: 1185000 | G191: 1185000 | H191: ZONE 1 | I191: 1185000 | K191: Banten | L191: Kota Tangerang | M191: 15115 | N191: 60.835723 | O191: 55.830713 | P191: ZONE 1 | Q191: ZONE 1 | X191: Kab. Bandung | Y191: 40383 | Z191: =X191&Y191 -> Kab. Bandung40383 | AB191: 13620 | AC191: =IFERROR(IF(MATCH(AC$11&$AB191,$Z$12:$Z$1468,0)>0,$AB191,""),"") | AD191: =IFERROR(IF(MATCH(AD$11&$AB191,$Z$12:$Z$1468,0)>0,$AB191,""),"") | AE191: =IFERROR(IF(MATCH(AE$11&$AB191,$Z$12:$Z$1468,0)>0,$AB191,""),"") | AF191: =IFERROR(IF(MATCH(AF$11&$AB191,$Z$12:$Z$1468,0)>0,$AB191,""),"") | AG191: =IFERROR(IF(MATCH(AG$11&$AB191,$Z$12:$Z$1468,0)>0,$AB191,""),"") | AH191: =IFERROR(IF(MATCH(AH$11&$AB191,$Z$12:$Z$1468,0)>0,$AB191,""),"") | AI191: =IFERROR(IF(MATCH(AI$11&$AB191,$Z$12:$Z$1468,0)>0,$AB191,""),"") | AJ191: =IFERROR(IF(MATCH(AJ$11&$AB191,$Z$12:$Z$1468,0)>0,$AB191,""),"") | ... BQ191: =IFERROR(IF(MATCH(BQ$11&$AB191,$Z$12:$Z$1468,0)>0,$AB191,""),"") | BU191: Banten | BV191: Kota Tangerang | BW191: 15115 | BX191: -6.194347 | BY191: 106.62471 | BZ191: 212.62362
A192: =B192&C192 -> Kota Tangerang15116 | B192: Kota Tangerang | C192: 15116 | D192: 209.87192 | E192: 203.89524 | F192: 1185000 | G192: 1185000 | H192: ZONE 1 | I192: 1185000 | K192: Banten | L192: Kota Tangerang | M192: 15116 | N192: 61.118619 | O192: 57.361048 | P192: ZONE 1 | Q192: ZONE 1 | X192: Kab. Bandung Barat | Y192: 40561 | Z192: =X192&Y192 -> Kab. Bandung Barat40561 | AB192: 13630 | AC192: =IFERROR(IF(MATCH(AC$11&$AB192,$Z$12:$Z$1468,0)>0,$AB192,""),"") | AD192: =IFERROR(IF(MATCH(AD$11&$AB192,$Z$12:$Z$1468,0)>0,$AB192,""),"") | AE192: =IFERROR(IF(MATCH(AE$11&$AB192,$Z$12:$Z$1468,0)>0,$AB192,""),"") | AF192: =IFERROR(IF(MATCH(AF$11&$AB192,$Z$12:$Z$1468,0)>0,$AB192,""),"") | AG192: =IFERROR(IF(MATCH(AG$11&$AB192,$Z$12:$Z$1468,0)>0,$AB192,""),"") | AH192: =IFERROR(IF(MATCH(AH$11&$AB192,$Z$12:$Z$1468,0)>0,$AB192,""),"") | AI192: =IFERROR(IF(MATCH(AI$11&$AB192,$Z$12:$Z$1468,0)>0,$AB192,""),"") | AJ192: =IFERROR(IF(MATCH(AJ$11&$AB192,$Z$12:$Z$1468,0)>0,$AB192,""),"") | ... BQ192: =IFERROR(IF(MATCH(BQ$11&$AB192,$Z$12:$Z$1468,0)>0,$AB192,""),"") | BU192: Banten | BV192: Kota Tangerang | BW192: 15116 | BX192: -6.2010671 | BY192: 106.61439 | BZ192: 213.22827
A193: =B193&C193 -> Kota Tangerang15117 | B193: Kota Tangerang | C193: 15117 | D193: 206.41658 | E193: 200.48137 | F193: 1170000 | G193: 1170000 | H193: ZONE 1 | I193: 1170000 | K193: Banten | L193: Kota Tangerang | M193: 15117 | N193: 57.983376 | O193: 53.81987 | P193: ZONE 1 | Q193: ZONE 1 | X193: Kab. Bandung | Y193: 40395 | Z193: =X193&Y193 -> Kab. Bandung40395 | AB193: 13640 | AC193: =IFERROR(IF(MATCH(AC$11&$AB193,$Z$12:$Z$1468,0)>0,$AB193,""),"") | AD193: =IFERROR(IF(MATCH(AD$11&$AB193,$Z$12:$Z$1468,0)>0,$AB193,""),"") | AE193: =IFERROR(IF(MATCH(AE$11&$AB193,$Z$12:$Z$1468,0)>0,$AB193,""),"") | AF193: =IFERROR(IF(MATCH(AF$11&$AB193,$Z$12:$Z$1468,0)>0,$AB193,""),"") | AG193: =IFERROR(IF(MATCH(AG$11&$AB193,$Z$12:$Z$1468,0)>0,$AB193,""),"") | AH193: =IFERROR(IF(MATCH(AH$11&$AB193,$Z$12:$Z$1468,0)>0,$AB193,""),"") | AI193: =IFERROR(IF(MATCH(AI$11&$AB193,$Z$12:$Z$1468,0)>0,$AB193,""),"") | AJ193: =IFERROR(IF(MATCH(AJ$11&$AB193,$Z$12:$Z$1468,0)>0,$AB193,""),"") | ... BQ193: =IFERROR(IF(MATCH(BQ$11&$AB193,$Z$12:$Z$1468,0)>0,$AB193,""),"") | BU193: Banten | BV193: Kota Tangerang | BW193: 15117 | BX193: -6.2080735 | BY193: 106.63502 | BZ193: 209.8448
A194: =B194&C194 -> Kota Tangerang15118 | B194: Kota Tangerang | C194: 15118 | D194: 208.31859 | E194: 202.50821 | F194: 1180000 | G194: 1180000 | H194: ZONE 1 | I194: 1180000 | K194: Banten | L194: Kota Tangerang | M194: 15118 | N194: 60.667521 | O194: 53.936206 | P194: ZONE 1 | Q194: ZONE 1 | X194: Kab. Bandung | Y194: 40384 | Z194: =X194&Y194 -> Kab. Bandung40384 | AB194: 13650 | AC194: =IFERROR(IF(MATCH(AC$11&$AB194,$Z$12:$Z$1468,0)>0,$AB194,""),"") | AD194: =IFERROR(IF(MATCH(AD$11&$AB194,$Z$12:$Z$1468,0)>0,$AB194,""),"") | AE194: =IFERROR(IF(MATCH(AE$11&$AB194,$Z$12:$Z$1468,0)>0,$AB194,""),"") | AF194: =IFERROR(IF(MATCH(AF$11&$AB194,$Z$12:$Z$1468,0)>0,$AB194,""),"") | AG194: =IFERROR(IF(MATCH(AG$11&$AB194,$Z$12:$Z$1468,0)>0,$AB194,""),"") | AH194: =IFERROR(IF(MATCH(AH$11&$AB194,$Z$12:$Z$1468,0)>0,$AB194,""),"") | AI194: =IFERROR(IF(MATCH(AI$11&$AB194,$Z$12:$Z$1468,0)>0,$AB194,""),"") | AJ194: =IFERROR(IF(MATCH(AJ$11&$AB194,$Z$12:$Z$1468,0)>0,$AB194,""),"") | ... BQ194: =IFERROR(IF(MATCH(BQ$11&$AB194,$Z$12:$Z$1468,0)>0,$AB194,""),"") | BU194: Banten | BV194: Kota Tangerang | BW194: 15118 | BX194: -6.1849785 | BY194: 106.63797 | BZ194: 211.95144
A195: =B195&C195 -> Kota Tangerang15119 | B195: Kota Tangerang | C195: 15119 | D195: 207.31773 | E195: 201.57987 | F195: 1175000 | G195: 1175000 | H195: ZONE 1 | I195: 1175000 | K195: Banten | L195: Kota Tangerang | M195: 15119 | N195: 60.232985 | O195: 52.207441 | P195: ZONE 1 | Q195: ZONE 1 | X195: Kota Bandung | Y195: 40215 | Z195: =X195&Y195 -> Kota Bandung40215 | AB195: 13710 | AC195: =IFERROR(IF(MATCH(AC$11&$AB195,$Z$12:$Z$1468,0)>0,$AB195,""),"") | AD195: =IFERROR(IF(MATCH(AD$11&$AB195,$Z$12:$Z$1468,0)>0,$AB195,""),"") | AE195: =IFERROR(IF(MATCH(AE$11&$AB195,$Z$12:$Z$1468,0)>0,$AB195,""),"") | AF195: =IFERROR(IF(MATCH(AF$11&$AB195,$Z$12:$Z$1468,0)>0,$AB195,""),"") | AG195: =IFERROR(IF(MATCH(AG$11&$AB195,$Z$12:$Z$1468,0)>0,$AB195,""),"") | AH195: =IFERROR(IF(MATCH(AH$11&$AB195,$Z$12:$Z$1468,0)>0,$AB195,""),"") | AI195: =IFERROR(IF(MATCH(AI$11&$AB195,$Z$12:$Z$1468,0)>0,$AB195,""),"") | AJ195: =IFERROR(IF(MATCH(AJ$11&$AB195,$Z$12:$Z$1468,0)>0,$AB195,""),"") | ... BQ195: =IFERROR(IF(MATCH(BQ$11&$AB195,$Z$12:$Z$1468,0)>0,$AB195,""),"") | BU195: Banten | BV195: Kota Tangerang | BW195: 15119 | BX195: -6.1794913 | BY195: 106.64976 | BZ195: 211.06941
A196: =B196&C196 -> Kota Tangerang15121 | B196: Kota Tangerang | C196: 15121 | D196: 210.05031 | E196: 204.41269 | F196: 1190000 | G196: 1190000 | H196: ZONE 1 | I196: 1190000 | K196: Banten | L196: Kota Tangerang | M196: 15121 | N196: 63.645652 | O196: 53.627737 | P196: ZONE 1 | Q196: ZONE 1 | X196: Kab. Bandung | Y196: 40215 | Z196: =X196&Y196 -> Kab. Bandung40215 | AB196: 13720 | AC196: =IFERROR(IF(MATCH(AC$11&$AB196,$Z$12:$Z$1468,0)>0,$AB196,""),"") | AD196: =IFERROR(IF(MATCH(AD$11&$AB196,$Z$12:$Z$1468,0)>0,$AB196,""),"") | AE196: =IFERROR(IF(MATCH(AE$11&$AB196,$Z$12:$Z$1468,0)>0,$AB196,""),"") | AF196: =IFERROR(IF(MATCH(AF$11&$AB196,$Z$12:$Z$1468,0)>0,$AB196,""),"") | AG196: =IFERROR(IF(MATCH(AG$11&$AB196,$Z$12:$Z$1468,0)>0,$AB196,""),"") | AH196: =IFERROR(IF(MATCH(AH$11&$AB196,$Z$12:$Z$1468,0)>0,$AB196,""),"") | AI196: =IFERROR(IF(MATCH(AI$11&$AB196,$Z$12:$Z$1468,0)>0,$AB196,""),"") | AJ196: =IFERROR(IF(MATCH(AJ$11&$AB196,$Z$12:$Z$1468,0)>0,$AB196,""),"") | ... BQ196: =IFERROR(IF(MATCH(BQ$11&$AB196,$Z$12:$Z$1468,0)>0,$AB196,""),"") | BU196: Banten | BV196: Kota Tangerang | BW196: 15121 | BX196: -6.1565972 | BY196: 106.64681 | BZ196: 213.96147
A197: =B197&C197 -> Kota Tangerang15122 | B197: Kota Tangerang | C197: 15122 | D197: 204.52233 | E197: 198.98371 | F197: 1160000 | G197: 1160000 | H197: ZONE 1 | I197: 1160000 | K197: Banten | L197: Kota Tangerang | M197: 15122 | N197: 59.241815 | O197: 47.57262 | P197: ZONE 1 | Q197: ZONE 1 | X197: Kab. Bandung Barat | Y197: 40554 | Z197: =X197&Y197 -> Kab. Bandung Barat40554 | AB197: 13730 | AC197: =IFERROR(IF(MATCH(AC$11&$AB197,$Z$12:$Z$1468,0)>0,$AB197,""),"") | AD197: =IFERROR(IF(MATCH(AD$11&$AB197,$Z$12:$Z$1468,0)>0,$AB197,""),"") | AE197: =IFERROR(IF(MATCH(AE$11&$AB197,$Z$12:$Z$1468,0)>0,$AB197,""),"") | AF197: =IFERROR(IF(MATCH(AF$11&$AB197,$Z$12:$Z$1468,0)>0,$AB197,""),"") | AG197: =IFERROR(IF(MATCH(AG$11&$AB197,$Z$12:$Z$1468,0)>0,$AB197,""),"") | AH197: =IFERROR(IF(MATCH(AH$11&$AB197,$Z$12:$Z$1468,0)>0,$AB197,""),"") | AI197: =IFERROR(IF(MATCH(AI$11&$AB197,$Z$12:$Z$1468,0)>0,$AB197,""),"") | AJ197: =IFERROR(IF(MATCH(AJ$11&$AB197,$Z$12:$Z$1468,0)>0,$AB197,""),"") | ... BQ197: =IFERROR(IF(MATCH(BQ$11&$AB197,$Z$12:$Z$1468,0)>0,$AB197,""),"") | BU197: Banten | BV197: Kota Tangerang | BW197: 15122 | BX197: -6.1656824 | BY197: 106.68219 | BZ197: 208.59458
A198: =B198&C198 -> Kota Tangerang15123 | B198: Kota Tangerang | C198: 15123 | D198: 209.52562 | E198: 204.01151 | F198: 1185000 | G198: 1185000 | H198: ZONE 1 | I198: 1185000 | K198: Banten | L198: Kota Tangerang | M198: 15123 | N198: 64.189443 | O198: 51.976287 | P198: ZONE 1 | Q198: ZONE 1 | X198: Kab. Bandung Barat | Y198: 40563 | Z198: =X198&Y198 -> Kab. Bandung Barat40563 | AB198: 13740 | AC198: =IFERROR(IF(MATCH(AC$11&$AB198,$Z$12:$Z$1468,0)>0,$AB198,""),"") | AD198: =IFERROR(IF(MATCH(AD$11&$AB198,$Z$12:$Z$1468,0)>0,$AB198,""),"") | AE198: =IFERROR(IF(MATCH(AE$11&$AB198,$Z$12:$Z$1468,0)>0,$AB198,""),"") | AF198: =IFERROR(IF(MATCH(AF$11&$AB198,$Z$12:$Z$1468,0)>0,$AB198,""),"") | AG198: =IFERROR(IF(MATCH(AG$11&$AB198,$Z$12:$Z$1468,0)>0,$AB198,""),"") | AH198: =IFERROR(IF(MATCH(AH$11&$AB198,$Z$12:$Z$1468,0)>0,$AB198,""),"") | AI198: =IFERROR(IF(MATCH(AI$11&$AB198,$Z$12:$Z$1468,0)>0,$AB198,""),"") | AJ198: =IFERROR(IF(MATCH(AJ$11&$AB198,$Z$12:$Z$1468,0)>0,$AB198,""),"") | ... BQ198: =IFERROR(IF(MATCH(BQ$11&$AB198,$Z$12:$Z$1468,0)>0,$AB198,""),"") | BU198: Banten | BV198: Kota Tangerang | BW198: 15123 | BX198: -6.1433606 | BY198: 106.66155 | BZ198: 213.63308
... A227: =B227&C227 -> Kota Tangerang15156 | B227: Kota Tangerang | C227: 15156 | D227: 189.58184 | E227: 183.94844 | F227: 1085000 | G227: 1085000 | H227: ZONE 1 | I227: 1085000 | K227: Banten | L227: Kota Tangerang | M227: 15156 | N227: 44.451931 | O227: 35.653789 | P227: ZONE 1 | Q227: ZONE 1 | X227: Kab. Sumedang | Y227: 45354 | Z227: =X227&Y227 -> Kab. Sumedang45354 | AB227: 14240 | AC227: =IFERROR(IF(MATCH(AC$11&$AB227,$Z$12:$Z$1468,0)>0,$AB227,""),"") | AD227: =IFERROR(IF(MATCH(AD$11&$AB227,$Z$12:$Z$1468,0)>0,$AB227,""),"") | AE227: =IFERROR(IF(MATCH(AE$11&$AB227,$Z$12:$Z$1468,0)>0,$AB227,""),"") | AF227: =IFERROR(IF(MATCH(AF$11&$AB227,$Z$12:$Z$1468,0)>0,$AB227,""),"") | AG227: =IFERROR(IF(MATCH(AG$11&$AB227,$Z$12:$Z$1468,0)>0,$AB227,""),"") | AH227: =IFERROR(IF(MATCH(AH$11&$AB227,$Z$12:$Z$1468,0)>0,$AB227,""),"") | AI227: =IFERROR(IF(MATCH(AI$11&$AB227,$Z$12:$Z$1468,0)>0,$AB227,""),"") | AJ227: =IFERROR(IF(MATCH(AJ$11&$AB227,$Z$12:$Z$1468,0)>0,$AB227,""),"") | ... BQ227: =IFERROR(IF(MATCH(BQ$11&$AB227,$Z$12:$Z$1468,0)>0,$AB227,""),"") | BU227: Banten | BV227: Kota Tangerang | BW227: 15156 | BX227: -6.2339929 | BY227: 106.74263 | BZ227: 193.51516
A228: =B228&C228 -> Kota Tangerang15157 | B228: Kota Tangerang | C228: 15157 | D228: 196.12899 | E228: 190.4589 | F228: 1120000 | G228: 1120000 | H228: 440000 | I228: 1120000 | K228: Banten | L228: Kota Tangerang | M228: 15157 | N228: 50.154971 | O228: 41.586343 | P228: 440000 | Q228: 440000 | X228: Kab. Garut | Y228: 44186 | Z228: =X228&Y228 -> Kab. Garut44186 | AB228: 14250 | AC228: =IFERROR(IF(MATCH(AC$11&$AB228,$Z$12:$Z$1468,0)>0,$AB228,""),"") | AD228: =IFERROR(IF(MATCH(AD$11&$AB228,$Z$12:$Z$1468,0)>0,$AB228,""),"") | AE228: =IFERROR(IF(MATCH(AE$11&$AB228,$Z$12:$Z$1468,0)>0,$AB228,""),"") | AF228: =IFERROR(IF(MATCH(AF$11&$AB228,$Z$12:$Z$1468,0)>0,$AB228,""),"") | AG228: =IFERROR(IF(MATCH(AG$11&$AB228,$Z$12:$Z$1468,0)>0,$AB228,""),"") | AH228: =IFERROR(IF(MATCH(AH$11&$AB228,$Z$12:$Z$1468,0)>0,$AB228,""),"") | AI228: =IFERROR(IF(MATCH(AI$11&$AB228,$Z$12:$Z$1468,0)>0,$AB228,""),"") | AJ228: =IFERROR(IF(MATCH(AJ$11&$AB228,$Z$12:$Z$1468,0)>0,$AB228,""),"") | ... BQ228: =IFERROR(IF(MATCH(BQ$11&$AB228,$Z$12:$Z$1468,0)>0,$AB228,""),"") | BU228: Banten | BV228: Kota Tangerang | BW228: 15157 | BX228: -6.2133673 | BY228: 106.70872 | BZ228: 199.99837
A229: =B229&C229 -> Kota Tangerang15158 | B229: Kota Tangerang | C229: 15158 | D229: 196.66206 | E229: 190.92258 | F229: 1120000 | G229: 1120000 | H229: ZONE 1 | I229: 1120000 | K229: Banten | L229: Kota Tangerang | M229: 15158 | N229: 50.039724 | O229: 42.928081 | P229: ZONE 1 | Q229: ZONE 1 | X229: Kab. Sumedang | Y229: 45322 | Z229: =X229&Y229 -> Kab. Sumedang45322 | AB229: 14260 | AC229: =IFERROR(IF(MATCH(AC$11&$AB229,$Z$12:$Z$1468,0)>0,$AB229,""),"") | AD229: =IFERROR(IF(MATCH(AD$11&$AB229,$Z$12:$Z$1468,0)>0,$AB229,""),"") | AE229: =IFERROR(IF(MATCH(AE$11&$AB229,$Z$12:$Z$1468,0)>0,$AB229,""),"") | AF229: =IFERROR(IF(MATCH(AF$11&$AB229,$Z$12:$Z$1468,0)>0,$AB229,""),"") | AG229: =IFERROR(IF(MATCH(AG$11&$AB229,$Z$12:$Z$1468,0)>0,$AB229,""),"") | AH229: =IFERROR(IF(MATCH(AH$11&$AB229,$Z$12:$Z$1468,0)>0,$AB229,""),"") | AI229: =IFERROR(IF(MATCH(AI$11&$AB229,$Z$12:$Z$1468,0)>0,$AB229,""),"") | AJ229: =IFERROR(IF(MATCH(AJ$11&$AB229,$Z$12:$Z$1468,0)>0,$AB229,""),"") | ... BQ229: =IFERROR(IF(MATCH(BQ$11&$AB229,$Z$12:$Z$1468,0)>0,$AB229,""),"") | BU229: Banten | BV229: Kota Tangerang | BW229: 15158 | BX229: -6.2195833 | BY229: 106.69982 | BZ229: 200.41922
A230: =B230&C230 -> Kota Tangerang15159 | B230: Kota Tangerang | C230: 15159 | D230: 197.93053 | E230: 192.28758 | F230: 1125000 | G230: 1125000 | H230: ZONE 1 | I230: 1125000 | K230: Banten | L230: Kota Tangerang | M230: 15159 | N230: 52.092795 | O230: 42.806256 | P230: ZONE 1 | Q230: ZONE 1 | X230: Kab. Garut | Y230: 44119 | Z230: =X230&Y230 -> Kab. Garut44119 | AB230: 14270 | AC230: =IFERROR(IF(MATCH(AC$11&$AB230,$Z$12:$Z$1468,0)>0,$AB230,""),"") | AD230: =IFERROR(IF(MATCH(AD$11&$AB230,$Z$12:$Z$1468,0)>0,$AB230,""),"") | AE230: =IFERROR(IF(MATCH(AE$11&$AB230,$Z$12:$Z$1468,0)>0,$AB230,""),"") | AF230: =IFERROR(IF(MATCH(AF$11&$AB230,$Z$12:$Z$1468,0)>0,$AB230,""),"") | AG230: =IFERROR(IF(MATCH(AG$11&$AB230,$Z$12:$Z$1468,0)>0,$AB230,""),"") | AH230: =IFERROR(IF(MATCH(AH$11&$AB230,$Z$12:$Z$1468,0)>0,$AB230,""),"") | AI230: =IFERROR(IF(MATCH(AI$11&$AB230,$Z$12:$Z$1468,0)>0,$AB230,""),"") | AJ230: =IFERROR(IF(MATCH(AJ$11&$AB230,$Z$12:$Z$1468,0)>0,$AB230,""),"") | ... BQ230: =IFERROR(IF(MATCH(BQ$11&$AB230,$Z$12:$Z$1468,0)>0,$AB230,""),"") | BU230: Banten | BV230: Kota Tangerang | BW230: 15159 | BX230: -6.2033363 | BY230: 106.70283 | BZ230: 201.84195
A231: =B231&C231 -> Kota Tangerang Selatan15220 | B231: Kota Tangerang Selatan | C231: 15220 | D231: 188.13333 | E231: 182.18736 | F231: 1080000 | G231: 1080000 | H231: ZONE 1 | I231: 1080000 | K231: Banten | L231: Kota Tangerang Selatan | M231: 15220 | N231: 40.231224 | O231: 39.309095 | P231: ZONE 1 | Q231: ZONE 1 | X231: Kab. Purwakarta | Y231: 41175 | Z231: =X231&Y231 -> Kab. Purwakarta41175 | AB231: 14310 | AC231: =IFERROR(IF(MATCH(AC$11&$AB231,$Z$12:$Z$1468,0)>0,$AB231,""),"") | AD231: =IFERROR(IF(MATCH(AD$11&$AB231,$Z$12:$Z$1468,0)>0,$AB231,""),"") | AE231: =IFERROR(IF(MATCH(AE$11&$AB231,$Z$12:$Z$1468,0)>0,$AB231,""),"") | AF231: =IFERROR(IF(MATCH(AF$11&$AB231,$Z$12:$Z$1468,0)>0,$AB231,""),"") | AG231: =IFERROR(IF(MATCH(AG$11&$AB231,$Z$12:$Z$1468,0)>0,$AB231,""),"") | AH231: =IFERROR(IF(MATCH(AH$11&$AB231,$Z$12:$Z$1468,0)>0,$AB231,""),"") | AI231: =IFERROR(IF(MATCH(AI$11&$AB231,$Z$12:$Z$1468,0)>0,$AB231,""),"") | AJ231: =IFERROR(IF(MATCH(AJ$11&$AB231,$Z$12:$Z$1468,0)>0,$AB231,""),"") | ... BQ231: =IFERROR(IF(MATCH(BQ$11&$AB231,$Z$12:$Z$1468,0)>0,$AB231,""),"") | BU231: Banten | BV231: Kota Tangerang Selatan | BW231: 15220 | BX231: -6.2755788 | BY231: 106.72199 | BZ231: 191.55909
A232: =B232&C232 -> Kota Tangerang Selatan15221 | B232: Kota Tangerang Selatan | C232: 15221 | D232: 185.69969 | E232: 179.92607 | F232: 1065000 | G232: 1065000 | H232: ZONE 1 | I232: 1065000 | K232: Banten | L232: Kota Tangerang Selatan | M232: 15221 | N232: 39.486307 | O232: 34.740042 | P232: ZONE 1 | Q232: ZONE 1 | X232: Kab. Garut | Y232: 44151 | Z232: =X232&Y232 -> Kab. Garut44151 | AB232: 14320 | AC232: =IFERROR(IF(MATCH(AC$11&$AB232,$Z$12:$Z$1468,0)>0,$AB232,""),"") | AD232: =IFERROR(IF(MATCH(AD$11&$AB232,$Z$12:$Z$1468,0)>0,$AB232,""),"") | AE232: =IFERROR(IF(MATCH(AE$11&$AB232,$Z$12:$Z$1468,0)>0,$AB232,""),"") | AF232: =IFERROR(IF(MATCH(AF$11&$AB232,$Z$12:$Z$1468,0)>0,$AB232,""),"") | AG232: =IFERROR(IF(MATCH(AG$11&$AB232,$Z$12:$Z$1468,0)>0,$AB232,""),"") | AH232: =IFERROR(IF(MATCH(AH$11&$AB232,$Z$12:$Z$1468,0)>0,$AB232,""),"") | AI232: =IFERROR(IF(MATCH(AI$11&$AB232,$Z$12:$Z$1468,0)>0,$AB232,""),"") | AJ232: =IFERROR(IF(MATCH(AJ$11&$AB232,$Z$12:$Z$1468,0)>0,$AB232,""),"") | ... BQ232: =IFERROR(IF(MATCH(BQ$11&$AB232,$Z$12:$Z$1468,0)>0,$AB232,""),"") | BU232: Banten | BV232: Kota Tangerang Selatan | BW232: 15221 | BX232: -6.2644802 | BY232: 106.74853 | BZ232: 189.41082
A233: =B233&C233 -> Kota Tangerang Selatan15222 | B233: Kota Tangerang Selatan | C233: 15222 | D233: 187.98845 | E233: 182.13628 | F233: 1075000 | G233: 1075000 | H233: ZONE 1 | I233: 1075000 | K233: Banten | L233: Kota Tangerang Selatan | M233: 15222 | N233: 40.880869 | O233: 37.671228 | P233: ZONE 1 | Q233: ZONE 1 | X233: Kab. Purwakarta | Y233: 41163 | Z233: =X233&Y233 -> Kab. Purwakarta41163 | AB233: 14330 | AC233: =IFERROR(IF(MATCH(AC$11&$AB233,$Z$12:$Z$1468,0)>0,$AB233,""),"") | AD233: =IFERROR(IF(MATCH(AD$11&$AB233,$Z$12:$Z$1468,0)>0,$AB233,""),"") | AE233: =IFERROR(IF(MATCH(AE$11&$AB233,$Z$12:$Z$1468,0)>0,$AB233,""),"") | AF233: =IFERROR(IF(MATCH(AF$11&$AB233,$Z$12:$Z$1468,0)>0,$AB233,""),"") | AG233: =IFERROR(IF(MATCH(AG$11&$AB233,$Z$12:$Z$1468,0)>0,$AB233,""),"") | AH233: =IFERROR(IF(MATCH(AH$11&$AB233,$Z$12:$Z$1468,0)>0,$AB233,""),"") | AI233: =IFERROR(IF(MATCH(AI$11&$AB233,$Z$12:$Z$1468,0)>0,$AB233,""),"") | AJ233: =IFERROR(IF(MATCH(AJ$11&$AB233,$Z$12:$Z$1468,0)>0,$AB233,""),"") | ... BQ233: =IFERROR(IF(MATCH(BQ$11&$AB233,$Z$12:$Z$1468,0)>0,$AB233,""),"") | BU233: Banten | BV233: Kota Tangerang Selatan | BW233: 15222 | BX233: -6.2650574 | BY233: 106.73084 | BZ233: 191.56931
A234: =B234&C234 -> Kota Tangerang Selatan15223 | B234: Kota Tangerang Selatan | C234: 15223 | D234: 189.19898 | E234: 183.36218 | F234: 1085000 | G234: 1085000 | H234: ZONE 1 | I234: 1085000 | K234: Banten | L234: Kota Tangerang Selatan | M234: 15223 | N234: 42.153549 | O234: 38.333095 | P234: ZONE 1 | Q234: ZONE 1 | X234: Kab. Sumedang | Y234: 45356 | Z234: =X234&Y234 -> Kab. Sumedang45356 | AB234: 14340 | AC234: =IFERROR(IF(MATCH(AC$11&$AB234,$Z$12:$Z$1468,0)>0,$AB234,""),"") | AD234: =IFERROR(IF(MATCH(AD$11&$AB234,$Z$12:$Z$1468,0)>0,$AB234,""),"") | AE234: =IFERROR(IF(MATCH(AE$11&$AB234,$Z$12:$Z$1468,0)>0,$AB234,""),"") | AF234: =IFERROR(IF(MATCH(AF$11&$AB234,$Z$12:$Z$1468,0)>0,$AB234,""),"") | AG234: =IFERROR(IF(MATCH(AG$11&$AB234,$Z$12:$Z$1468,0)>0,$AB234,""),"") | AH234: =IFERROR(IF(MATCH(AH$11&$AB234,$Z$12:$Z$1468,0)>0,$AB234,""),"") | AI234: =IFERROR(IF(MATCH(AI$11&$AB234,$Z$12:$Z$1468,0)>0,$AB234,""),"") | AJ234: =IFERROR(IF(MATCH(AJ$11&$AB234,$Z$12:$Z$1468,0)>0,$AB234,""),"") | ... BQ234: =IFERROR(IF(MATCH(BQ$11&$AB234,$Z$12:$Z$1468,0)>0,$AB234,""),"") | BU234: Banten | BV234: Kota Tangerang Selatan | BW234: 15223 | BX234: -6.2588081 | BY234: 106.72641 | BZ234: 192.80396
A235: =B235&C235 -> Kota Tangerang Selatan15224 | B235: Kota Tangerang Selatan | C235: 15224 | D235: 191.50146 | E235: 185.58879 | F235: 1095000 | G235: 1095000 | H235: ZONE 1 | I235: 1095000 | K235: Banten | L235: Kota Tangerang Selatan | M235: 15224 | N235: 43.707227 | O235: 41.26724 | P235: ZONE 1 | Q235: ZONE 1 | X235: Kab. Sumedang | Y235: 45353 | Z235: =X235&Y235 -> Kab. Sumedang45353 | AB235: 14350 | AC235: =IFERROR(IF(MATCH(AC$11&$AB235,$Z$12:$Z$1468,0)>0,$AB235,""),"") | AD235: =IFERROR(IF(MATCH(AD$11&$AB235,$Z$12:$Z$1468,0)>0,$AB235,""),"") | AE235: =IFERROR(IF(MATCH(AE$11&$AB235,$Z$12:$Z$1468,0)>0,$AB235,""),"") | AF235: =IFERROR(IF(MATCH(AF$11&$AB235,$Z$12:$Z$1468,0)>0,$AB235,""),"") | AG235: =IFERROR(IF(MATCH(AG$11&$AB235,$Z$12:$Z$1468,0)>0,$AB235,""),"") | AH235: =IFERROR(IF(MATCH(AH$11&$AB235,$Z$12:$Z$1468,0)>0,$AB235,""),"") | AI235: =IFERROR(IF(MATCH(AI$11&$AB235,$Z$12:$Z$1468,0)>0,$AB235,""),"") | AJ235: =IFERROR(IF(MATCH(AJ$11&$AB235,$Z$12:$Z$1468,0)>0,$AB235,""),"") | ... BQ235: =IFERROR(IF(MATCH(BQ$11&$AB235,$Z$12:$Z$1468,0)>0,$AB235,""),"") | BU235: Banten | BV235: Kota Tangerang Selatan | BW235: 15224 | BX235: -6.259384 | BY235: 106.70872 | BZ235: 194.97944
A236: =B236&C236 -> Kota Tangerang Selatan15225 | B236: Kota Tangerang Selatan | C236: 15225 | D236: 186.46063 | E236: 180.66054 | F236: 1070000 | G236: 1070000 | H236: ZONE 1 | I236: 1070000 | K236: Banten | L236: Kota Tangerang Selatan | M236: 15225 | N236: 39.932632 | O236: 35.717063 | P236: ZONE 1 | Q236: ZONE 1 | X236: Kab. Garut | Y236: 44193 | Z236: =X236&Y236 -> Kab. Garut44193 | AB236: 14360 | AC236: =IFERROR(IF(MATCH(AC$11&$AB236,$Z$12:$Z$1468,0)>0,$AB236,""),"") | AD236: =IFERROR(IF(MATCH(AD$11&$AB236,$Z$12:$Z$1468,0)>0,$AB236,""),"") | AE236: =IFERROR(IF(MATCH(AE$11&$AB236,$Z$12:$Z$1468,0)>0,$AB236,""),"") | AF236: =IFERROR(IF(MATCH(AF$11&$AB236,$Z$12:$Z$1468,0)>0,$AB236,""),"") | AG236: =IFERROR(IF(MATCH(AG$11&$AB236,$Z$12:$Z$1468,0)>0,$AB236,""),"") | AH236: =IFERROR(IF(MATCH(AH$11&$AB236,$Z$12:$Z$1468,0)>0,$AB236,""),"") | AI236: =IFERROR(IF(MATCH(AI$11&$AB236,$Z$12:$Z$1468,0)>0,$AB236,""),"") | AJ236: =IFERROR(IF(MATCH(AJ$11&$AB236,$Z$12:$Z$1468,0)>0,$AB236,""),"") | ... BQ236: =IFERROR(IF(MATCH(BQ$11&$AB236,$Z$12:$Z$1468,0)>0,$AB236,""),"") | BU236: Banten | BV236: Kota Tangerang Selatan | BW236: 15225 | BX236: -6.2646726 | BY236: 106.74263 | BZ236: 190.12804
A237: =B237&C237 -> Kota Tangerang Selatan15226 | B237: Kota Tangerang Selatan | C237: 15226 | D237: 194.31915 | E237: 188.35994 | F237: 1110000 | G237: 1110000 | H237: ZONE 1 | I237: 1110000 | K237: Banten | L237: Kota Tangerang Selatan | M237: 15226 | N237: 46.067609 | O237: 44.166768 | P237: ZONE 1 | Q237: ZONE 1 | X237: Kab. Garut | Y237: 44192 | Z237: =X237&Y237 -> Kab. Garut44192 | AB237: 14370 | AC237: =IFERROR(IF(MATCH(AC$11&$AB237,$Z$12:$Z$1468,0)>0,$AB237,""),"") | AD237: =IFERROR(IF(MATCH(AD$11&$AB237,$Z$12:$Z$1468,0)>0,$AB237,""),"") | AE237: =IFERROR(IF(MATCH(AE$11&$AB237,$Z$12:$Z$1468,0)>0,$AB237,""),"") | AF237: =IFERROR(IF(MATCH(AF$11&$AB237,$Z$12:$Z$1468,0)>0,$AB237,""),"") | AG237: =IFERROR(IF(MATCH(AG$11&$AB237,$Z$12:$Z$1468,0)>0,$AB237,""),"") | AH237: =IFERROR(IF(MATCH(AH$11&$AB237,$Z$12:$Z$1468,0)>0,$AB237,""),"") | AI237: =IFERROR(IF(MATCH(AI$11&$AB237,$Z$12:$Z$1468,0)>0,$AB237,""),"") | AJ237: =IFERROR(IF(MATCH(AJ$11&$AB237,$Z$12:$Z$1468,0)>0,$AB237,""),"") | ... BQ237: =IFERROR(IF(MATCH(BQ$11&$AB237,$Z$12:$Z$1468,0)>0,$AB237,""),"") | BU237: Banten | BV237: Kota Tangerang Selatan | BW237: 15226 | BX237: -6.254844 | BY237: 106.69103 | BZ237: 197.71731
A238: =B238&C238 -> Kota Tangerang Selatan15227 | B238: Kota Tangerang Selatan | C238: 15227 | D238: 192.05231 | E238: 186.03608 | F238: 1100000 | G238: 1100000 | H238: ZONE 1 | I238: 1100000 | K238: Banten | L238: Kota Tangerang Selatan | M238: 15227 | N238: 43.479687 | O238: 43.342758 | P238: ZONE 1 | Q238: ZONE 1 | X238: Kab. Subang | Y238: 41286 | Z238: =X238&Y238 -> Kab. Subang41286 | AB238: 14410 | AC238: =IFERROR(IF(MATCH(AC$11&$AB238,$Z$12:$Z$1468,0)>0,$AB238,""),"") | AD238: =IFERROR(IF(MATCH(AD$11&$AB238,$Z$12:$Z$1468,0)>0,$AB238,""),"") | AE238: =IFERROR(IF(MATCH(AE$11&$AB238,$Z$12:$Z$1468,0)>0,$AB238,""),"") | AF238: =IFERROR(IF(MATCH(AF$11&$AB238,$Z$12:$Z$1468,0)>0,$AB238,""),"") | AG238: =IFERROR(IF(MATCH(AG$11&$AB238,$Z$12:$Z$1468,0)>0,$AB238,""),"") | AH238: =IFERROR(IF(MATCH(AH$11&$AB238,$Z$12:$Z$1468,0)>0,$AB238,""),"") | AI238: =IFERROR(IF(MATCH(AI$11&$AB238,$Z$12:$Z$1468,0)>0,$AB238,""),"") | AJ238: =IFERROR(IF(MATCH(AJ$11&$AB238,$Z$12:$Z$1468,0)>0,$AB238,""),"") | ... BQ238: =IFERROR(IF(MATCH(BQ$11&$AB238,$Z$12:$Z$1468,0)>0,$AB238,""),"") | BU238: Banten | BV238: Kota Tangerang Selatan | BW238: 15227 | BX238: -6.2699989 | BY238: 106.69693 | BZ238: 195.35704
A239: =B239&C239 -> Kota Tangerang Selatan15228 | B239: Kota Tangerang Selatan | C239: 15228 | D239: 193.61247 | E239: 187.54848 | F239: 1105000 | G239: 1105000 | H239: ZONE 1 | I239: 1105000 | K239: Banten | L239: Kota Tangerang Selatan | M239: 15228 | N239: 44.685972 | O239: 45.295898 | P239: ZONE 1 | Q239: ZONE 1 | X239: Kab. Sumedang | Y239: 45355 | Z239: =X239&Y239 -> Kab. Sumedang45355 | AB239: 14420 | AC239: =IFERROR(IF(MATCH(AC$11&$AB239,$Z$12:$Z$1468,0)>0,$AB239,""),"") | AD239: =IFERROR(IF(MATCH(AD$11&$AB239,$Z$12:$Z$1468,0)>0,$AB239,""),"") | AE239: =IFERROR(IF(MATCH(AE$11&$AB239,$Z$12:$Z$1468,0)>0,$AB239,""),"") | AF239: =IFERROR(IF(MATCH(AF$11&$AB239,$Z$12:$Z$1468,0)>0,$AB239,""),"") | AG239: =IFERROR(IF(MATCH(AG$11&$AB239,$Z$12:$Z$1468,0)>0,$AB239,""),"") | AH239: =IFERROR(IF(MATCH(AH$11&$AB239,$Z$12:$Z$1468,0)>0,$AB239,""),"") | AI239: =IFERROR(IF(MATCH(AI$11&$AB239,$Z$12:$Z$1468,0)>0,$AB239,""),"") | AJ239: =IFERROR(IF(MATCH(AJ$11&$AB239,$Z$12:$Z$1468,0)>0,$AB239,""),"") | ... BQ239: =IFERROR(IF(MATCH(BQ$11&$AB239,$Z$12:$Z$1468,0)>0,$AB239,""),"") | BU239: Banten | BV239: Kota Tangerang Selatan | BW239: 15228 | BX239: -6.2703828 | BY239: 106.68514 | BZ239: 196.83525
A240: =B240&C240 -> Kota Tangerang Selatan15229 | B240: Kota Tangerang Selatan | C240: 15229 | D240: 189.01483 | E240: 182.9647 | F240: 1085000 | G240: 1085000 | H240: ZONE 1 | I240: 1085000 | K240: Banten | L240: Kota Tangerang Selatan | M240: 15229 | N240: 40.309393 | O240: 41.704177 | P240: ZONE 1 | Q240: ZONE 1 | X240: Kab. Garut | Y240: 44191 | Z240: =X240&Y240 -> Kab. Garut44191 | AB240: 14430 | AC240: =IFERROR(IF(MATCH(AC$11&$AB240,$Z$12:$Z$1468,0)>0,$AB240,""),"") | AD240: =IFERROR(IF(MATCH(AD$11&$AB240,$Z$12:$Z$1468,0)>0,$AB240,""),"") | AE240: =IFERROR(IF(MATCH(AE$11&$AB240,$Z$12:$Z$1468,0)>0,$AB240,""),"") | AF240: =IFERROR(IF(MATCH(AF$11&$AB240,$Z$12:$Z$1468,0)>0,$AB240,""),"") | AG240: =IFERROR(IF(MATCH(AG$11&$AB240,$Z$12:$Z$1468,0)>0,$AB240,""),"") | AH240: =IFERROR(IF(MATCH(AH$11&$AB240,$Z$12:$Z$1468,0)>0,$AB240,""),"") | AI240: =IFERROR(IF(MATCH(AI$11&$AB240,$Z$12:$Z$1468,0)>0,$AB240,""),"") | AJ240: =IFERROR(IF(MATCH(AJ$11&$AB240,$Z$12:$Z$1468,0)>0,$AB240,""),"") | ... BQ240: =IFERROR(IF(MATCH(BQ$11&$AB240,$Z$12:$Z$1468,0)>0,$AB240,""),"") | BU240: Banten | BV240: Kota Tangerang Selatan | BW240: 15229 | BX240: -6.2849642 | BY240: 106.70872 | BZ240: 192.26528
... A266: =B266&C266 -> Kota Tangerang Selatan15419 | B266: Kota Tangerang Selatan | C266: 15419 | D266: 178.40523 | E266: 172.40943 | F266: 1030000 | G266: 1030000 | H266: ZONE 1 | I266: 1030000 | K266: Banten | L266: Kota Tangerang Selatan | M266: 15419 | N266: 30.64085 | O266: 33.975441 | P266: ZONE 1 | Q266: ZONE 1 | X266: Kab. Subang | Y266: 41272 | Z266: =X266&Y266 -> Kab. Subang41272 | AB266: 15129 | AC266: =IFERROR(IF(MATCH(AC$11&$AB266,$Z$12:$Z$1468,0)>0,$AB266,""),"") | AD266: =IFERROR(IF(MATCH(AD$11&$AB266,$Z$12:$Z$1468,0)>0,$AB266,""),"") | AE266: =IFERROR(IF(MATCH(AE$11&$AB266,$Z$12:$Z$1468,0)>0,$AB266,""),"") | AF266: =IFERROR(IF(MATCH(AF$11&$AB266,$Z$12:$Z$1468,0)>0,$AB266,""),"") | AG266: =IFERROR(IF(MATCH(AG$11&$AB266,$Z$12:$Z$1468,0)>0,$AB266,""),"") | AH266: =IFERROR(IF(MATCH(AH$11&$AB266,$Z$12:$Z$1468,0)>0,$AB266,""),"") | AI266: =IFERROR(IF(MATCH(AI$11&$AB266,$Z$12:$Z$1468,0)>0,$AB266,""),"") | AJ266: =IFERROR(IF(MATCH(AJ$11&$AB266,$Z$12:$Z$1468,0)>0,$AB266,""),"") | ... BQ266: =IFERROR(IF(MATCH(BQ$11&$AB266,$Z$12:$Z$1468,0)>0,$AB266,""),"") | BU266: Banten | BV266: Kota Tangerang Selatan | BW266: 15419 | BX266: -6.3163922 | BY266: 106.76475 | BZ266: 181.75745
A267: =B267&C267 -> Kab. Kepulauan Seribu14510 | B267: Kab. Kepulauan Seribu | C267: 14510 | D267: 222.95569 | E267: 218.45294 | F267: 1250000 | G267: 1250000 | H267: 625000 | I267: 1250000 | K267: DKI Jakarta | L267: Kab. Kepulauan Seribu | M267: 14510 | N267: 87.23827 | O267: 61.423792 | P267: 625000 | Q267: 625000 | X267: Kab. Garut | Y267: 44182 | Z267: =X267&Y267 -> Kab. Garut44182 | AB267: 15131 | AC267: =IFERROR(IF(MATCH(AC$11&$AB267,$Z$12:$Z$1468,0)>0,$AB267,""),"") | AD267: =IFERROR(IF(MATCH(AD$11&$AB267,$Z$12:$Z$1468,0)>0,$AB267,""),"") | AE267: =IFERROR(IF(MATCH(AE$11&$AB267,$Z$12:$Z$1468,0)>0,$AB267,""),"") | AF267: =IFERROR(IF(MATCH(AF$11&$AB267,$Z$12:$Z$1468,0)>0,$AB267,""),"") | AG267: =IFERROR(IF(MATCH(AG$11&$AB267,$Z$12:$Z$1468,0)>0,$AB267,""),"") | AH267: =IFERROR(IF(MATCH(AH$11&$AB267,$Z$12:$Z$1468,0)>0,$AB267,""),"") | AI267: =IFERROR(IF(MATCH(AI$11&$AB267,$Z$12:$Z$1468,0)>0,$AB267,""),"") | AJ267: =IFERROR(IF(MATCH(AJ$11&$AB267,$Z$12:$Z$1468,0)>0,$AB267,""),"") | ... BQ267: =IFERROR(IF(MATCH(BQ$11&$AB267,$Z$12:$Z$1468,0)>0,$AB267,""),"") | BU267: DKI Jakarta | BV267: Kab. Kepulauan Seribu | BW267: 14510 | BX267: -5.9716604 | BY267: 106.71093 | BZ267: 228.55268
...

Sheet Distance
A2: Free Shipping | D2: 7 | E2: 7 | F2: 10
A3: Province | B3: City | C3: Postal Code | D3: Blibli Elektronik - Kopo Bandung | E3: Blibli Elektronik - Banjaran Bandung | F3: Dekoruma Elektronik - Kalimalang Bekasi
A4: =B4&C4 -> Kab. Lebak42311 | B4: Kab. Lebak | C4: 42311 | D4: 243.14966 | E4: 251.02112 | F4: 119.01643
A5: =B5&C5 -> Kab. Lebak42312 | B5: Kab. Lebak | C5: 42312 | D5: 234.07783 | E5: 242.11354 | F5: 108.42315
A6: =B6&C6 -> Kab. Lebak42313 | B6: Kab. Lebak | C6: 42313 | D6: 237.78291 | E6: 245.60598 | F6: 115.50688
A7: =B7&C7 -> Kab. Lebak42314 | B7: Kab. Lebak | C7: 42314 | D7: 241.8135 | E7: 249.68938 | F7: 117.82385
A8: =B8&C8 -> Kab. Lebak42315 | B8: Kab. Lebak | C8: 42315 | D8: 213.21867 | E8: 219.82621 | F8: 120.43982
A9: =B9&C9 -> Kab. Lebak42316 | B9: Kab. Lebak | C9: 42316 | D9: 241.13966 | E9: 249.10884 | F9: 115.51351
A10: =B10&C10 -> Kab. Lebak42317 | B10: Kab. Lebak | C10: 42317 | D10: 244.57856 | E10: 252.47598 | F10: 119.72578
A11: =B11&C11 -> Kab. Lebak42318 | B11: Kab. Lebak | C11: 42318 | D11: 209.34994 | E11: 215.82911 | F11: 120.28284
A12: =B12&C12 -> Kab. Lebak42319 | B12: Kab. Lebak | C12: 42319 | D12: 230.17154 | E12: 237.00197 | F12: 128.32245
A13: =B13&C13 -> Kab. Lebak42352 | B13: Kab. Lebak | C13: 42352 | D13: 256.45901 | E13: 264.27516 | F13: 131.2948
A14: =B14&C14 -> Kab. Lebak42353 | B14: Kab. Lebak | C14: 42353 | D14: 259.00922 | E14: 265.86571 | F14: 150.61636
A15: =B15&C15 -> Kab. Lebak42354 | B15: Kab. Lebak | C15: 42354 | D15: 260.65004 | E15: 266.97651 | F15: 161.28382
... A1460: =B1460&C1460 -> Kota Tasikmalaya46416 | B1460: Kota Tasikmalaya | C1460: 46416 | D1460: 110.34695 | E1460: 101.27488 | F1460: 266.13673
